INFO 2026-02-22 15:38:11,528 autoreload 16496 13988 Watching for file changes with StatReloader
INFO 2026-02-22 15:41:37,869 autoreload 7356 9080 Watching for file changes with StatReloader
INFO 2026-02-22 15:46:27,483 autoreload 6540 7880 Watching for file changes with StatReloader
INFO 2026-02-22 15:58:49,950 autoreload 5428 17328 Watching for file changes with StatReloader
INFO 2026-02-22 15:59:42,700 basehttp 6540 15124 "GET /api/docs/ HTTP/1.1" 200 4459
INFO 2026-02-22 16:05:02,623 basehttp 6540 9716 "HEAD /api/docs/ HTTP/1.1" 200 0
INFO 2026-02-22 16:05:12,883 basehttp 6540 9080 "GET /api/docs/ HTTP/1.1" 200 4459
INFO 2026-02-22 16:08:55,379 basehttp 5428 4104 "GET /api/docs/ HTTP/1.1" 200 4459
INFO 2026-02-22 16:09:18,433 autoreload 11868 12556 Watching for file changes with StatReloader
INFO 2026-02-22 16:09:29,459 basehttp 5428 4104 "GET /api/docs/ HTTP/1.1" 200 4459
INFO 2026-02-22 16:10:12,637 basehttp 5428 9792 "GET /api/docs/ HTTP/1.1" 200 4459
INFO 2026-02-22 16:11:27,398 basehttp 5428 9792 "GET /api/docs/ HTTP/1.1" 200 4459
INFO 2026-02-22 16:11:40,615 basehttp 5428 9792 "GET /api/schema/ HTTP/1.1" 200 120119
WARNING 2026-02-22 16:14:01,554 log 5428 1240 Unauthorized: /api/v1/auth/login/
WARNING 2026-02-22 16:14:01,632 basehttp 5428 1240 "POST /api/v1/auth/login/ HTTP/1.1" 401 63
INFO 2026-02-22 16:47:53,832 autoreload 12356 13044 Watching for file changes with StatReloader
INFO 2026-02-24 13:21:39,101 autoreload 9368 12948 Watching for file changes with StatReloader
WARNING 2026-02-24 13:28:50,460 log 9368 2860 Not Found: /
WARNING 2026-02-24 13:28:50,484 basehttp 9368 2860 "GET / HTTP/1.1" 404 3153
WARNING 2026-02-24 13:28:50,859 log 9368 2860 Not Found: /favicon.ico
WARNING 2026-02-24 13:28:50,859 basehttp 9368 2860 "GET /favicon.ico HTTP/1.1" 404 3204
INFO 2026-02-24 13:28:54,891 basehttp 9368 2860 "GET /admin HTTP/1.1" 301 0
INFO 2026-02-24 13:28:55,123 basehttp 9368 5148 "GET /admin/ HTTP/1.1" 302 0
INFO 2026-02-24 13:28:56,178 basehttp 9368 5148 "GET /admin/login/?next=/admin/ HTTP/1.1" 200 4178
INFO 2026-02-24 13:28:56,875 basehttp 9368 8816 "GET /static/admin/css/responsive.css HTTP/1.1" 200 18533
INFO 2026-02-24 13:28:56,883 basehttp 9368 5148 "GET /static/admin/css/base.css HTTP/1.1" 200 21207
INFO 2026-02-24 13:28:56,921 basehttp 9368 14660 "GET /static/admin/css/dark_mode.css HTTP/1.1" 200 2929
INFO 2026-02-24 13:28:56,931 basehttp 9368 16040 "GET /static/admin/css/login.css HTTP/1.1" 200 958
INFO 2026-02-24 13:28:56,969 basehttp 9368 16684 "GET /static/admin/css/nav_sidebar.css HTTP/1.1" 200 2694
INFO 2026-02-24 13:28:57,045 basehttp 9368 12968 "GET /static/admin/js/theme.js HTTP/1.1" 200 1943
INFO 2026-02-24 13:28:57,045 basehttp 9368 5148 "GET /static/admin/js/nav_sidebar.js HTTP/1.1" 200 3063
INFO 2026-02-24 13:28:57,304 basehttp 9368 15232 "GET /static/admin/js/nav_sidebar.js HTTP/1.1" 200 3063
INFO 2026-02-24 13:28:57,304 basehttp 9368 4520 "GET /static/admin/js/theme.js HTTP/1.1" 200 1943
INFO 2026-02-24 13:29:03,955 basehttp 9368 5148 "POST /admin/login/?next=/admin/ HTTP/1.1" 200 4346
INFO 2026-02-24 13:29:14,554 basehttp 9368 5148 "POST /admin/login/?next=/admin/ HTTP/1.1" 200 4346
INFO 2026-02-24 13:31:04,889 basehttp 9368 5148 "POST /admin/login/?next=/admin/ HTTP/1.1" 302 0
INFO 2026-02-24 13:31:05,181 basehttp 9368 5148 "GET /admin/ HTTP/1.1" 200 13333
INFO 2026-02-24 13:31:05,286 basehttp 9368 5148 "GET /static/admin/css/dashboard.css HTTP/1.1" 200 441
INFO 2026-02-24 13:31:05,842 basehttp 9368 5148 "GET /static/admin/img/icon-addlink.svg HTTP/1.1" 200 331
INFO 2026-02-24 13:31:05,870 basehttp 9368 12968 "GET /static/admin/img/icon-changelink.svg HTTP/1.1" 200 380
INFO 2026-02-24 13:31:12,967 basehttp 9368 12968 "GET /admin/novels/novel/ HTTP/1.1" 200 14302
INFO 2026-02-24 13:31:13,056 basehttp 9368 5148 "GET /admin/jsi18n/ HTTP/1.1" 200 3343
INFO 2026-02-24 13:31:13,096 basehttp 9368 12968 "GET /static/admin/css/changelists.css HTTP/1.1" 200 6566
INFO 2026-02-24 13:31:13,101 basehttp 9368 16040 "GET /static/admin/js/jquery.init.js HTTP/1.1" 200 347
INFO 2026-02-24 13:31:13,194 basehttp 9368 8816 "GET /static/admin/js/admin/RelatedObjectLookups.js HTTP/1.1" 200 8943
INFO 2026-02-24 13:31:13,202 basehttp 9368 16040 "GET /static/admin/js/urlify.js HTTP/1.1" 200 7887
INFO 2026-02-24 13:31:13,202 basehttp 9368 5148 "GET /static/admin/js/actions.js HTTP/1.1" 200 7872
INFO 2026-02-24 13:31:13,246 basehttp 9368 14660 "GET /static/admin/js/core.js HTTP/1.1" 200 5682
INFO 2026-02-24 13:31:13,291 basehttp 9368 12968 "GET /static/admin/js/prepopulate.js HTTP/1.1" 200 1531
INFO 2026-02-24 13:31:13,314 basehttp 9368 16684 "GET /static/admin/js/vendor/jquery/jquery.js HTTP/1.1" 200 292458
INFO 2026-02-24 13:31:13,364 basehttp 9368 5148 "GET /static/admin/img/search.svg HTTP/1.1" 200 458
INFO 2026-02-24 13:31:13,493 basehttp 9368 5148 "GET /static/admin/js/filters.js HTTP/1.1" 200 978
INFO 2026-02-24 13:31:13,571 basehttp 9368 8816 "GET /static/admin/js/vendor/xregexp/xregexp.js HTTP/1.1" 200 232381
INFO 2026-02-24 13:31:13,691 basehttp 9368 8816 "GET /static/admin/img/tooltag-add.svg HTTP/1.1" 200 331
INFO 2026-02-24 13:31:14,017 basehttp 9368 15232 "GET /static/admin/js/jquery.init.js HTTP/1.1" 200 347
INFO 2026-02-24 13:31:14,025 basehttp 9368 4520 "GET /admin/jsi18n/ HTTP/1.1" 200 3343
INFO 2026-02-24 13:31:14,119 basehttp 9368 4520 "GET /static/admin/js/admin/RelatedObjectLookups.js HTTP/1.1" 200 8943
INFO 2026-02-24 13:31:14,158 basehttp 9368 4520 "GET /static/admin/js/urlify.js HTTP/1.1" 200 7887
INFO 2026-02-24 13:31:14,383 basehttp 9368 4520 "GET /static/admin/js/actions.js HTTP/1.1" 200 7872
INFO 2026-02-24 13:31:14,536 basehttp 9368 4520 "GET /static/admin/js/prepopulate.js HTTP/1.1" 200 1531
INFO 2026-02-24 13:31:14,571 basehttp 9368 4520 "GET /static/admin/js/core.js HTTP/1.1" 200 5682
INFO 2026-02-24 13:31:14,643 basehttp 9368 4520 "GET /static/admin/js/vendor/jquery/jquery.js HTTP/1.1" 200 292458
INFO 2026-02-24 13:31:14,720 basehttp 9368 4520 "GET /static/admin/js/filters.js HTTP/1.1" 200 978
INFO 2026-02-24 13:31:15,478 basehttp 9368 4520 "GET /static/admin/js/vendor/xregexp/xregexp.js HTTP/1.1" 200 232381
INFO 2026-02-24 13:31:15,585 basehttp 9368 8816 "GET /admin/ HTTP/1.1" 200 13333
INFO 2026-02-24 13:35:11,538 basehttp 9368 808 "OPTIONS /api/v1/auth/login/ HTTP/1.1" 200 0
INFO 2026-02-24 13:35:59,432 basehttp 9368 808 "OPTIONS /api/v1/auth/login/ HTTP/1.1" 200 0
INFO 2026-02-24 13:36:38,528 basehttp 9368 808 "OPTIONS /api/v1/auth/register/ HTTP/1.1" 200 0
INFO 2026-02-24 13:39:51,568 autoreload 9368 12948 E:\Projects\Freelense assignment\Ebook flutter\backend\novel_reading_api\settings.py changed, reloading.
INFO 2026-02-24 13:40:13,413 autoreload 4176 11480 Watching for file changes with StatReloader
INFO 2026-02-24 13:40:52,055 basehttp 4176 11804 "OPTIONS /api/v1/auth/login/ HTTP/1.1" 200 0
INFO 2026-02-24 13:40:56,378 basehttp 4176 11804 "POST /api/v1/auth/login/ HTTP/1.1" 200 1089
INFO 2026-02-24 13:41:10,334 basehttp 4176 12116 "OPTIONS /api/v1/reading/progress/ HTTP/1.1" 200 0
INFO 2026-02-24 13:41:10,334 basehttp 4176 11804 "OPTIONS /api/v1/recommendations/ HTTP/1.1" 200 0
INFO 2026-02-24 13:41:10,548 basehttp 4176 11804 "GET /api/v1/reading/progress/ HTTP/1.1" 200 52
INFO 2026-02-24 13:41:11,130 basehttp 4176 12116 "GET /api/v1/recommendations/ HTTP/1.1" 200 76
INFO 2026-02-24 13:41:16,642 basehttp 4176 12116 "OPTIONS /api/v1/novels/genres/ HTTP/1.1" 200 0
INFO 2026-02-24 13:41:16,642 basehttp 4176 11804 "OPTIONS /api/v1/novels/ HTTP/1.1" 200 0
INFO 2026-02-24 13:41:16,675 basehttp 4176 12116 "GET /api/v1/novels/ HTTP/1.1" 200 52
INFO 2026-02-24 13:41:16,683 basehttp 4176 11804 "GET /api/v1/novels/genres/ HTTP/1.1" 200 52
INFO 2026-02-24 13:51:03,466 autoreload 9008 15228 Watching for file changes with StatReloader
INFO 2026-02-24 14:05:12,590 basehttp 4176 6452 "POST /api/v1/auth/login/ HTTP/1.1" 200 1089
INFO 2026-02-24 14:05:13,204 basehttp 4176 10916 "GET /api/v1/reading/progress/ HTTP/1.1" 200 52
INFO 2026-02-24 14:05:13,380 basehttp 4176 6452 "GET /api/v1/recommendations/ HTTP/1.1" 200 76
INFO 2026-02-24 14:05:25,508 basehttp 4176 6452 "GET /api/v1/novels/genres/ HTTP/1.1" 200 1584
INFO 2026-02-24 14:05:25,758 basehttp 4176 10916 "GET /api/v1/novels/ HTTP/1.1" 200 16212
INFO 2026-02-24 14:05:35,695 basehttp 4176 10916 "OPTIONS /api/v1/novels/d0495929-2b20-44f9-92e3-0eb65c4c480b/ HTTP/1.1" 200 0
INFO 2026-02-24 14:05:35,894 basehttp 4176 10916 "GET /api/v1/novels/d0495929-2b20-44f9-92e3-0eb65c4c480b/ HTTP/1.1" 200 2358
INFO 2026-02-24 14:05:39,388 basehttp 4176 10916 "OPTIONS /api/v1/novels/d0495929-2b20-44f9-92e3-0eb65c4c480b/chapters/1/ HTTP/1.1" 200 0
WARNING 2026-02-24 14:05:40,556 log 4176 10916 Not Found: /api/v1/novels/d0495929-2b20-44f9-92e3-0eb65c4c480b/chapters/1/
WARNING 2026-02-24 14:05:40,556 basehttp 4176 10916 "GET /api/v1/novels/d0495929-2b20-44f9-92e3-0eb65c4c480b/chapters/1/ HTTP/1.1" 404 6771
INFO 2026-02-24 15:00:12,362 autoreload 4176 11480 E:\Projects\Freelense assignment\Ebook flutter\backend\apps\novels\views.py changed, reloading.
INFO 2026-02-24 15:00:18,267 autoreload 17140 15516 Watching for file changes with StatReloader
INFO 2026-02-24 15:00:26,832 autoreload 17140 15516 E:\Projects\Freelense assignment\Ebook flutter\backend\apps\novels\urls.py changed, reloading.
INFO 2026-02-24 15:00:34,033 autoreload 16656 11172 Watching for file changes with StatReloader
INFO 2026-02-24 15:39:42,014 basehttp 16656 10336 "POST /api/v1/auth/login/ HTTP/1.1" 200 1089
INFO 2026-02-24 15:39:42,850 basehttp 16656 17348 "GET /api/v1/reading/progress/ HTTP/1.1" 200 52
INFO 2026-02-24 15:39:43,936 basehttp 16656 10336 "GET /api/v1/recommendations/ HTTP/1.1" 200 76
INFO 2026-02-24 15:39:52,493 basehttp 16656 10336 "GET /api/v1/novels/genres/ HTTP/1.1" 200 1584
INFO 2026-02-24 15:39:52,758 basehttp 16656 17348 "GET /api/v1/novels/ HTTP/1.1" 200 16212
INFO 2026-02-24 15:39:56,013 basehttp 16656 17348 "OPTIONS /api/v1/novels/99e8ded9-237a-48a2-9b6a-46ecba0785e7/ HTTP/1.1" 200 0
INFO 2026-02-24 15:39:56,277 basehttp 16656 17348 "GET /api/v1/novels/99e8ded9-237a-48a2-9b6a-46ecba0785e7/ HTTP/1.1" 200 2661
INFO 2026-02-24 15:40:03,907 basehttp 16656 17348 "OPTIONS /api/v1/novels/99e8ded9-237a-48a2-9b6a-46ecba0785e7/chapters/1/ HTTP/1.1" 200 0
INFO 2026-02-24 15:40:03,926 basehttp 16656 17348 "GET /api/v1/novels/99e8ded9-237a-48a2-9b6a-46ecba0785e7/chapters/1/ HTTP/1.1" 200 3083
INFO 2026-02-24 15:40:06,612 basehttp 16656 17348 "OPTIONS /api/v1/reading/progress/update/ HTTP/1.1" 200 0
ERROR 2026-02-24 15:40:07,904 log 16656 10336 Internal Server Error: /api/v1/reading/progress/update/
Traceback (most recent call last):
  File "C:\Users\Fardeen Khan\AppData\Local\Programs\Python\Python311\Lib\site-packages\django\db\models\query.py", line 916, in get_or_create
    return self.get(**kwargs), False
           ^^^^^^^^^^^^^^^^^^
  File "C:\Users\Fardeen Khan\AppData\Local\Programs\Python\Python311\Lib\site-packages\django\db\models\query.py", line 637, in get
    raise self.model.DoesNotExist(
apps.reading.models.ReadingProgress.DoesNotExist: ReadingProgress matching query does not exist.

During handling of the above exception, another exception occurred:

Traceback (most recent call last):
  File "C:\Users\Fardeen Khan\AppData\Local\Programs\Python\Python311\Lib\site-packages\django\db\backends\utils.py", line 89, in _execute
    return self.cursor.execute(sql, params)
           ^^^^^^^^^^^^^^^^^^^^^^^^^^^^^^^^
  File "C:\Users\Fardeen Khan\AppData\Local\Programs\Python\Python311\Lib\site-packages\django\db\backends\sqlite3\base.py", line 328, in execute
    return super().execute(query, params)
           ^^^^^^^^^^^^^^^^^^^^^^^^^^^^^^
sqlite3.IntegrityError: NOT NULL constraint failed: reading_progress.novel_id

The above exception was the direct cause of the following exception:

Traceback (most recent call last):
  File "C:\Users\Fardeen Khan\AppData\Local\Programs\Python\Python311\Lib\site-packages\django\core\handlers\exception.py", line 55, in inner
    response = get_response(request)
               ^^^^^^^^^^^^^^^^^^^^^
  File "C:\Users\Fardeen Khan\AppData\Local\Programs\Python\Python311\Lib\site-packages\django\core\handlers\base.py", line 197, in _get_response
    response = wrapped_callback(request, *callback_args, **callback_kwargs)
               ^^^^^^^^^^^^^^^^^^^^^^^^^^^^^^^^^^^^^^^^^^^^^^^^^^^^^^^^^^^^
  File "C:\Users\Fardeen Khan\AppData\Local\Programs\Python\Python311\Lib\site-packages\django\views\decorators\csrf.py", line 56, in wrapper_view
    return view_func(*args, **kwargs)
           ^^^^^^^^^^^^^^^^^^^^^^^^^^
  File "C:\Users\Fardeen Khan\AppData\Local\Programs\Python\Python311\Lib\site-packages\django\views\generic\base.py", line 104, in view
    return self.dispatch(request, *args, **kwargs)
           ^^^^^^^^^^^^^^^^^^^^^^^^^^^^^^^^^^^^^^^
  File "C:\Users\Fardeen Khan\AppData\Local\Programs\Python\Python311\Lib\site-packages\rest_framework\views.py", line 509, in dispatch
    response = self.handle_exception(exc)
               ^^^^^^^^^^^^^^^^^^^^^^^^^^
  File "C:\Users\Fardeen Khan\AppData\Local\Programs\Python\Python311\Lib\site-packages\rest_framework\views.py", line 469, in handle_exception
    self.raise_uncaught_exception(exc)
  File "C:\Users\Fardeen Khan\AppData\Local\Programs\Python\Python311\Lib\site-packages\rest_framework\views.py", line 480, in raise_uncaught_exception
    raise exc
  File "C:\Users\Fardeen Khan\AppData\Local\Programs\Python\Python311\Lib\site-packages\rest_framework\views.py", line 506, in dispatch
    response = handler(request, *args, **kwargs)
               ^^^^^^^^^^^^^^^^^^^^^^^^^^^^^^^^^
  File "E:\Projects\Freelense assignment\Ebook flutter\backend\apps\reading\views.py", line 30, in post
    progress, created = ReadingProgress.objects.get_or_create(
                        ^^^^^^^^^^^^^^^^^^^^^^^^^^^^^^^^^^^^^^
  File "C:\Users\Fardeen Khan\AppData\Local\Programs\Python\Python311\Lib\site-packages\django\db\models\manager.py", line 87, in manager_method
    return getattr(self.get_queryset(), name)(*args, **kwargs)
           ^^^^^^^^^^^^^^^^^^^^^^^^^^^^^^^^^^^^^^^^^^^^^^^^^^^
  File "C:\Users\Fardeen Khan\AppData\Local\Programs\Python\Python311\Lib\site-packages\django\db\models\query.py", line 923, in get_or_create
    return self.create(**params), True
           ^^^^^^^^^^^^^^^^^^^^^
  File "C:\Users\Fardeen Khan\AppData\Local\Programs\Python\Python311\Lib\site-packages\django\db\models\query.py", line 658, in create
    obj.save(force_insert=True, using=self.db)
  File "C:\Users\Fardeen Khan\AppData\Local\Programs\Python\Python311\Lib\site-packages\django\db\models\base.py", line 814, in save
    self.save_base(
  File "C:\Users\Fardeen Khan\AppData\Local\Programs\Python\Python311\Lib\site-packages\django\db\models\base.py", line 877, in save_base
    updated = self._save_table(
              ^^^^^^^^^^^^^^^^^
  File "C:\Users\Fardeen Khan\AppData\Local\Programs\Python\Python311\Lib\site-packages\django\db\models\base.py", line 1020, in _save_table
    results = self._do_insert(
              ^^^^^^^^^^^^^^^^
  File "C:\Users\Fardeen Khan\AppData\Local\Programs\Python\Python311\Lib\site-packages\django\db\models\base.py", line 1061, in _do_insert
    return manager._insert(
           ^^^^^^^^^^^^^^^^
  File "C:\Users\Fardeen Khan\AppData\Local\Programs\Python\Python311\Lib\site-packages\django\db\models\manager.py", line 87, in manager_method
    return getattr(self.get_queryset(), name)(*args, **kwargs)
           ^^^^^^^^^^^^^^^^^^^^^^^^^^^^^^^^^^^^^^^^^^^^^^^^^^^
  File "C:\Users\Fardeen Khan\AppData\Local\Programs\Python\Python311\Lib\site-packages\django\db\models\query.py", line 1805, in _insert
    return query.get_compiler(using=using).execute_sql(returning_fields)
           ^^^^^^^^^^^^^^^^^^^^^^^^^^^^^^^^^^^^^^^^^^^^^^^^^^^^^^^^^^^^^
  File "C:\Users\Fardeen Khan\AppData\Local\Programs\Python\Python311\Lib\site-packages\django\db\models\sql\compiler.py", line 1822, in execute_sql
    cursor.execute(sql, params)
  File "C:\Users\Fardeen Khan\AppData\Local\Programs\Python\Python311\Lib\site-packages\django\db\backends\utils.py", line 102, in execute
    return super().execute(sql, params)
           ^^^^^^^^^^^^^^^^^^^^^^^^^^^^
  File "C:\Users\Fardeen Khan\AppData\Local\Programs\Python\Python311\Lib\site-packages\django\db\backends\utils.py", line 67, in execute
    return self._execute_with_wrappers(
           ^^^^^^^^^^^^^^^^^^^^^^^^^^^^
  File "C:\Users\Fardeen Khan\AppData\Local\Programs\Python\Python311\Lib\site-packages\django\db\backends\utils.py", line 80, in _execute_with_wrappers
    return executor(sql, params, many, context)
           ^^^^^^^^^^^^^^^^^^^^^^^^^^^^^^^^^^^^
  File "C:\Users\Fardeen Khan\AppData\Local\Programs\Python\Python311\Lib\site-packages\django\db\backends\utils.py", line 84, in _execute
    with self.db.wrap_database_errors:
  File "C:\Users\Fardeen Khan\AppData\Local\Programs\Python\Python311\Lib\site-packages\django\db\utils.py", line 91, in __exit__
    raise dj_exc_value.with_traceback(traceback) from exc_value
  File "C:\Users\Fardeen Khan\AppData\Local\Programs\Python\Python311\Lib\site-packages\django\db\backends\utils.py", line 89, in _execute
    return self.cursor.execute(sql, params)
           ^^^^^^^^^^^^^^^^^^^^^^^^^^^^^^^^
  File "C:\Users\Fardeen Khan\AppData\Local\Programs\Python\Python311\Lib\site-packages\django\db\backends\sqlite3\base.py", line 328, in execute
    return super().execute(query, params)
           ^^^^^^^^^^^^^^^^^^^^^^^^^^^^^^
django.db.utils.IntegrityError: NOT NULL constraint failed: reading_progress.novel_id
ERROR 2026-02-24 15:40:07,904 log 16656 17348 Internal Server Error: /api/v1/reading/progress/update/
Traceback (most recent call last):
  File "C:\Users\Fardeen Khan\AppData\Local\Programs\Python\Python311\Lib\site-packages\django\db\models\query.py", line 916, in get_or_create
    return self.get(**kwargs), False
           ^^^^^^^^^^^^^^^^^^
  File "C:\Users\Fardeen Khan\AppData\Local\Programs\Python\Python311\Lib\site-packages\django\db\models\query.py", line 637, in get
    raise self.model.DoesNotExist(
apps.reading.models.ReadingProgress.DoesNotExist: ReadingProgress matching query does not exist.

During handling of the above exception, another exception occurred:

Traceback (most recent call last):
  File "C:\Users\Fardeen Khan\AppData\Local\Programs\Python\Python311\Lib\site-packages\django\db\backends\utils.py", line 89, in _execute
    return self.cursor.execute(sql, params)
           ^^^^^^^^^^^^^^^^^^^^^^^^^^^^^^^^
  File "C:\Users\Fardeen Khan\AppData\Local\Programs\Python\Python311\Lib\site-packages\django\db\backends\sqlite3\base.py", line 328, in execute
    return super().execute(query, params)
           ^^^^^^^^^^^^^^^^^^^^^^^^^^^^^^
sqlite3.IntegrityError: NOT NULL constraint failed: reading_progress.novel_id

The above exception was the direct cause of the following exception:

Traceback (most recent call last):
  File "C:\Users\Fardeen Khan\AppData\Local\Programs\Python\Python311\Lib\site-packages\django\core\handlers\exception.py", line 55, in inner
    response = get_response(request)
               ^^^^^^^^^^^^^^^^^^^^^
  File "C:\Users\Fardeen Khan\AppData\Local\Programs\Python\Python311\Lib\site-packages\django\core\handlers\base.py", line 197, in _get_response
    response = wrapped_callback(request, *callback_args, **callback_kwargs)
               ^^^^^^^^^^^^^^^^^^^^^^^^^^^^^^^^^^^^^^^^^^^^^^^^^^^^^^^^^^^^
  File "C:\Users\Fardeen Khan\AppData\Local\Programs\Python\Python311\Lib\site-packages\django\views\decorators\csrf.py", line 56, in wrapper_view
    return view_func(*args, **kwargs)
           ^^^^^^^^^^^^^^^^^^^^^^^^^^
  File "C:\Users\Fardeen Khan\AppData\Local\Programs\Python\Python311\Lib\site-packages\django\views\generic\base.py", line 104, in view
    return self.dispatch(request, *args, **kwargs)
           ^^^^^^^^^^^^^^^^^^^^^^^^^^^^^^^^^^^^^^^
  File "C:\Users\Fardeen Khan\AppData\Local\Programs\Python\Python311\Lib\site-packages\rest_framework\views.py", line 509, in dispatch
    response = self.handle_exception(exc)
               ^^^^^^^^^^^^^^^^^^^^^^^^^^
  File "C:\Users\Fardeen Khan\AppData\Local\Programs\Python\Python311\Lib\site-packages\rest_framework\views.py", line 469, in handle_exception
    self.raise_uncaught_exception(exc)
  File "C:\Users\Fardeen Khan\AppData\Local\Programs\Python\Python311\Lib\site-packages\rest_framework\views.py", line 480, in raise_uncaught_exception
    raise exc
  File "C:\Users\Fardeen Khan\AppData\Local\Programs\Python\Python311\Lib\site-packages\rest_framework\views.py", line 506, in dispatch
    response = handler(request, *args, **kwargs)
               ^^^^^^^^^^^^^^^^^^^^^^^^^^^^^^^^^
  File "E:\Projects\Freelense assignment\Ebook flutter\backend\apps\reading\views.py", line 30, in post
    progress, created = ReadingProgress.objects.get_or_create(
                        ^^^^^^^^^^^^^^^^^^^^^^^^^^^^^^^^^^^^^^
  File "C:\Users\Fardeen Khan\AppData\Local\Programs\Python\Python311\Lib\site-packages\django\db\models\manager.py", line 87, in manager_method
    return getattr(self.get_queryset(), name)(*args, **kwargs)
           ^^^^^^^^^^^^^^^^^^^^^^^^^^^^^^^^^^^^^^^^^^^^^^^^^^^
  File "C:\Users\Fardeen Khan\AppData\Local\Programs\Python\Python311\Lib\site-packages\django\db\models\query.py", line 923, in get_or_create
    return self.create(**params), True
           ^^^^^^^^^^^^^^^^^^^^^
  File "C:\Users\Fardeen Khan\AppData\Local\Programs\Python\Python311\Lib\site-packages\django\db\models\query.py", line 658, in create
    obj.save(force_insert=True, using=self.db)
  File "C:\Users\Fardeen Khan\AppData\Local\Programs\Python\Python311\Lib\site-packages\django\db\models\base.py", line 814, in save
    self.save_base(
  File "C:\Users\Fardeen Khan\AppData\Local\Programs\Python\Python311\Lib\site-packages\django\db\models\base.py", line 877, in save_base
    updated = self._save_table(
              ^^^^^^^^^^^^^^^^^
  File "C:\Users\Fardeen Khan\AppData\Local\Programs\Python\Python311\Lib\site-packages\django\db\models\base.py", line 1020, in _save_table
    results = self._do_insert(
              ^^^^^^^^^^^^^^^^
  File "C:\Users\Fardeen Khan\AppData\Local\Programs\Python\Python311\Lib\site-packages\django\db\models\base.py", line 1061, in _do_insert
    return manager._insert(
           ^^^^^^^^^^^^^^^^
  File "C:\Users\Fardeen Khan\AppData\Local\Programs\Python\Python311\Lib\site-packages\django\db\models\manager.py", line 87, in manager_method
    return getattr(self.get_queryset(), name)(*args, **kwargs)
           ^^^^^^^^^^^^^^^^^^^^^^^^^^^^^^^^^^^^^^^^^^^^^^^^^^^
  File "C:\Users\Fardeen Khan\AppData\Local\Programs\Python\Python311\Lib\site-packages\django\db\models\query.py", line 1805, in _insert
    return query.get_compiler(using=using).execute_sql(returning_fields)
           ^^^^^^^^^^^^^^^^^^^^^^^^^^^^^^^^^^^^^^^^^^^^^^^^^^^^^^^^^^^^^
  File "C:\Users\Fardeen Khan\AppData\Local\Programs\Python\Python311\Lib\site-packages\django\db\models\sql\compiler.py", line 1822, in execute_sql
    cursor.execute(sql, params)
  File "C:\Users\Fardeen Khan\AppData\Local\Programs\Python\Python311\Lib\site-packages\django\db\backends\utils.py", line 102, in execute
    return super().execute(sql, params)
           ^^^^^^^^^^^^^^^^^^^^^^^^^^^^
  File "C:\Users\Fardeen Khan\AppData\Local\Programs\Python\Python311\Lib\site-packages\django\db\backends\utils.py", line 67, in execute
    return self._execute_with_wrappers(
           ^^^^^^^^^^^^^^^^^^^^^^^^^^^^
  File "C:\Users\Fardeen Khan\AppData\Local\Programs\Python\Python311\Lib\site-packages\django\db\backends\utils.py", line 80, in _execute_with_wrappers
    return executor(sql, params, many, context)
           ^^^^^^^^^^^^^^^^^^^^^^^^^^^^^^^^^^^^
  File "C:\Users\Fardeen Khan\AppData\Local\Programs\Python\Python311\Lib\site-packages\django\db\backends\utils.py", line 84, in _execute
    with self.db.wrap_database_errors:
  File "C:\Users\Fardeen Khan\AppData\Local\Programs\Python\Python311\Lib\site-packages\django\db\utils.py", line 91, in __exit__
    raise dj_exc_value.with_traceback(traceback) from exc_value
  File "C:\Users\Fardeen Khan\AppData\Local\Programs\Python\Python311\Lib\site-packages\django\db\backends\utils.py", line 89, in _execute
    return self.cursor.execute(sql, params)
           ^^^^^^^^^^^^^^^^^^^^^^^^^^^^^^^^
  File "C:\Users\Fardeen Khan\AppData\Local\Programs\Python\Python311\Lib\site-packages\django\db\backends\sqlite3\base.py", line 328, in execute
    return super().execute(query, params)
           ^^^^^^^^^^^^^^^^^^^^^^^^^^^^^^
django.db.utils.IntegrityError: NOT NULL constraint failed: reading_progress.novel_id
ERROR 2026-02-24 15:40:07,913 basehttp 16656 10336 "POST /api/v1/reading/progress/update/ HTTP/1.1" 500 27973
ERROR 2026-02-24 15:40:07,968 basehttp 16656 17348 "POST /api/v1/reading/progress/update/ HTTP/1.1" 500 27973
ERROR 2026-02-24 15:40:08,419 log 16656 17348 Internal Server Error: /api/v1/reading/progress/update/
Traceback (most recent call last):
  File "C:\Users\Fardeen Khan\AppData\Local\Programs\Python\Python311\Lib\site-packages\django\db\models\query.py", line 916, in get_or_create
    return self.get(**kwargs), False
           ^^^^^^^^^^^^^^^^^^
  File "C:\Users\Fardeen Khan\AppData\Local\Programs\Python\Python311\Lib\site-packages\django\db\models\query.py", line 637, in get
    raise self.model.DoesNotExist(
apps.reading.models.ReadingProgress.DoesNotExist: ReadingProgress matching query does not exist.

During handling of the above exception, another exception occurred:

Traceback (most recent call last):
  File "C:\Users\Fardeen Khan\AppData\Local\Programs\Python\Python311\Lib\site-packages\django\db\backends\utils.py", line 89, in _execute
    return self.cursor.execute(sql, params)
           ^^^^^^^^^^^^^^^^^^^^^^^^^^^^^^^^
  File "C:\Users\Fardeen Khan\AppData\Local\Programs\Python\Python311\Lib\site-packages\django\db\backends\sqlite3\base.py", line 328, in execute
    return super().execute(query, params)
           ^^^^^^^^^^^^^^^^^^^^^^^^^^^^^^
sqlite3.IntegrityError: NOT NULL constraint failed: reading_progress.novel_id

The above exception was the direct cause of the following exception:

Traceback (most recent call last):
  File "C:\Users\Fardeen Khan\AppData\Local\Programs\Python\Python311\Lib\site-packages\django\core\handlers\exception.py", line 55, in inner
    response = get_response(request)
               ^^^^^^^^^^^^^^^^^^^^^
  File "C:\Users\Fardeen Khan\AppData\Local\Programs\Python\Python311\Lib\site-packages\django\core\handlers\base.py", line 197, in _get_response
    response = wrapped_callback(request, *callback_args, **callback_kwargs)
               ^^^^^^^^^^^^^^^^^^^^^^^^^^^^^^^^^^^^^^^^^^^^^^^^^^^^^^^^^^^^
  File "C:\Users\Fardeen Khan\AppData\Local\Programs\Python\Python311\Lib\site-packages\django\views\decorators\csrf.py", line 56, in wrapper_view
    return view_func(*args, **kwargs)
           ^^^^^^^^^^^^^^^^^^^^^^^^^^
  File "C:\Users\Fardeen Khan\AppData\Local\Programs\Python\Python311\Lib\site-packages\django\views\generic\base.py", line 104, in view
    return self.dispatch(request, *args, **kwargs)
           ^^^^^^^^^^^^^^^^^^^^^^^^^^^^^^^^^^^^^^^
  File "C:\Users\Fardeen Khan\AppData\Local\Programs\Python\Python311\Lib\site-packages\rest_framework\views.py", line 509, in dispatch
    response = self.handle_exception(exc)
               ^^^^^^^^^^^^^^^^^^^^^^^^^^
  File "C:\Users\Fardeen Khan\AppData\Local\Programs\Python\Python311\Lib\site-packages\rest_framework\views.py", line 469, in handle_exception
    self.raise_uncaught_exception(exc)
  File "C:\Users\Fardeen Khan\AppData\Local\Programs\Python\Python311\Lib\site-packages\rest_framework\views.py", line 480, in raise_uncaught_exception
    raise exc
  File "C:\Users\Fardeen Khan\AppData\Local\Programs\Python\Python311\Lib\site-packages\rest_framework\views.py", line 506, in dispatch
    response = handler(request, *args, **kwargs)
               ^^^^^^^^^^^^^^^^^^^^^^^^^^^^^^^^^
  File "E:\Projects\Freelense assignment\Ebook flutter\backend\apps\reading\views.py", line 30, in post
    progress, created = ReadingProgress.objects.get_or_create(
                        ^^^^^^^^^^^^^^^^^^^^^^^^^^^^^^^^^^^^^^
  File "C:\Users\Fardeen Khan\AppData\Local\Programs\Python\Python311\Lib\site-packages\django\db\models\manager.py", line 87, in manager_method
    return getattr(self.get_queryset(), name)(*args, **kwargs)
           ^^^^^^^^^^^^^^^^^^^^^^^^^^^^^^^^^^^^^^^^^^^^^^^^^^^
  File "C:\Users\Fardeen Khan\AppData\Local\Programs\Python\Python311\Lib\site-packages\django\db\models\query.py", line 923, in get_or_create
    return self.create(**params), True
           ^^^^^^^^^^^^^^^^^^^^^
  File "C:\Users\Fardeen Khan\AppData\Local\Programs\Python\Python311\Lib\site-packages\django\db\models\query.py", line 658, in create
    obj.save(force_insert=True, using=self.db)
  File "C:\Users\Fardeen Khan\AppData\Local\Programs\Python\Python311\Lib\site-packages\django\db\models\base.py", line 814, in save
    self.save_base(
  File "C:\Users\Fardeen Khan\AppData\Local\Programs\Python\Python311\Lib\site-packages\django\db\models\base.py", line 877, in save_base
    updated = self._save_table(
              ^^^^^^^^^^^^^^^^^
  File "C:\Users\Fardeen Khan\AppData\Local\Programs\Python\Python311\Lib\site-packages\django\db\models\base.py", line 1020, in _save_table
    results = self._do_insert(
              ^^^^^^^^^^^^^^^^
  File "C:\Users\Fardeen Khan\AppData\Local\Programs\Python\Python311\Lib\site-packages\django\db\models\base.py", line 1061, in _do_insert
    return manager._insert(
           ^^^^^^^^^^^^^^^^
  File "C:\Users\Fardeen Khan\AppData\Local\Programs\Python\Python311\Lib\site-packages\django\db\models\manager.py", line 87, in manager_method
    return getattr(self.get_queryset(), name)(*args, **kwargs)
           ^^^^^^^^^^^^^^^^^^^^^^^^^^^^^^^^^^^^^^^^^^^^^^^^^^^
  File "C:\Users\Fardeen Khan\AppData\Local\Programs\Python\Python311\Lib\site-packages\django\db\models\query.py", line 1805, in _insert
    return query.get_compiler(using=using).execute_sql(returning_fields)
           ^^^^^^^^^^^^^^^^^^^^^^^^^^^^^^^^^^^^^^^^^^^^^^^^^^^^^^^^^^^^^
  File "C:\Users\Fardeen Khan\AppData\Local\Programs\Python\Python311\Lib\site-packages\django\db\models\sql\compiler.py", line 1822, in execute_sql
    cursor.execute(sql, params)
  File "C:\Users\Fardeen Khan\AppData\Local\Programs\Python\Python311\Lib\site-packages\django\db\backends\utils.py", line 102, in execute
    return super().execute(sql, params)
           ^^^^^^^^^^^^^^^^^^^^^^^^^^^^
  File "C:\Users\Fardeen Khan\AppData\Local\Programs\Python\Python311\Lib\site-packages\django\db\backends\utils.py", line 67, in execute
    return self._execute_with_wrappers(
           ^^^^^^^^^^^^^^^^^^^^^^^^^^^^
  File "C:\Users\Fardeen Khan\AppData\Local\Programs\Python\Python311\Lib\site-packages\django\db\backends\utils.py", line 80, in _execute_with_wrappers
    return executor(sql, params, many, context)
           ^^^^^^^^^^^^^^^^^^^^^^^^^^^^^^^^^^^^
  File "C:\Users\Fardeen Khan\AppData\Local\Programs\Python\Python311\Lib\site-packages\django\db\backends\utils.py", line 84, in _execute
    with self.db.wrap_database_errors:
  File "C:\Users\Fardeen Khan\AppData\Local\Programs\Python\Python311\Lib\site-packages\django\db\utils.py", line 91, in __exit__
    raise dj_exc_value.with_traceback(traceback) from exc_value
  File "C:\Users\Fardeen Khan\AppData\Local\Programs\Python\Python311\Lib\site-packages\django\db\backends\utils.py", line 89, in _execute
    return self.cursor.execute(sql, params)
           ^^^^^^^^^^^^^^^^^^^^^^^^^^^^^^^^
  File "C:\Users\Fardeen Khan\AppData\Local\Programs\Python\Python311\Lib\site-packages\django\db\backends\sqlite3\base.py", line 328, in execute
    return super().execute(query, params)
           ^^^^^^^^^^^^^^^^^^^^^^^^^^^^^^
django.db.utils.IntegrityError: NOT NULL constraint failed: reading_progress.novel_id
ERROR 2026-02-24 15:40:08,432 basehttp 16656 17348 "POST /api/v1/reading/progress/update/ HTTP/1.1" 500 27973
INFO 2026-02-24 15:42:48,015 autoreload 16656 11172 E:\Projects\Freelense assignment\Ebook flutter\backend\apps\reading\views.py changed, reloading.
INFO 2026-02-24 15:42:51,966 autoreload 8052 13524 Watching for file changes with StatReloader
INFO 2026-02-24 15:49:53,882 basehttp 8052 10368 "OPTIONS /api/v1/auth/login/ HTTP/1.1" 200 0
INFO 2026-02-24 15:49:56,143 basehttp 8052 10368 "POST /api/v1/auth/login/ HTTP/1.1" 200 1089
INFO 2026-02-24 15:49:56,974 basehttp 8052 10368 "OPTIONS /api/v1/recommendations/ HTTP/1.1" 200 0
INFO 2026-02-24 15:49:56,981 basehttp 8052 10368 "OPTIONS /api/v1/reading/progress/ HTTP/1.1" 200 0
INFO 2026-02-24 15:49:57,056 basehttp 8052 10368 "GET /api/v1/reading/progress/ HTTP/1.1" 200 52
INFO 2026-02-24 15:49:57,328 basehttp 8052 10276 "GET /api/v1/recommendations/ HTTP/1.1" 200 76
INFO 2026-02-24 15:50:25,438 basehttp 8052 10276 "OPTIONS /api/v1/novels/genres/ HTTP/1.1" 200 0
INFO 2026-02-24 15:50:25,445 basehttp 8052 10368 "OPTIONS /api/v1/novels/ HTTP/1.1" 200 0
INFO 2026-02-24 15:50:25,709 basehttp 8052 10276 "GET /api/v1/novels/genres/ HTTP/1.1" 200 1584
INFO 2026-02-24 15:50:25,818 basehttp 8052 10368 "GET /api/v1/novels/ HTTP/1.1" 200 16212
INFO 2026-02-24 15:50:32,792 basehttp 8052 10368 "OPTIONS /api/v1/novels/99e8ded9-237a-48a2-9b6a-46ecba0785e7/ HTTP/1.1" 200 0
INFO 2026-02-24 15:50:32,991 basehttp 8052 10368 "GET /api/v1/novels/99e8ded9-237a-48a2-9b6a-46ecba0785e7/ HTTP/1.1" 200 2661
INFO 2026-02-24 15:50:37,644 basehttp 8052 10368 "OPTIONS /api/v1/novels/99e8ded9-237a-48a2-9b6a-46ecba0785e7/chapters/1/ HTTP/1.1" 200 0
INFO 2026-02-24 15:50:37,663 basehttp 8052 10368 "GET /api/v1/novels/99e8ded9-237a-48a2-9b6a-46ecba0785e7/chapters/1/ HTTP/1.1" 200 3083
INFO 2026-02-24 15:50:46,119 basehttp 8052 10368 "OPTIONS /api/v1/reading/progress/update/ HTTP/1.1" 200 0
INFO 2026-02-24 15:50:46,840 basehttp 8052 10276 "POST /api/v1/reading/progress/update/ HTTP/1.1" 200 1375
INFO 2026-02-24 15:50:47,118 basehttp 8052 9656 "POST /api/v1/reading/progress/update/ HTTP/1.1" 200 1375
INFO 2026-02-24 15:50:47,370 basehttp 8052 10368 "POST /api/v1/reading/progress/update/ HTTP/1.1" 200 1376
INFO 2026-02-24 15:50:47,382 basehttp 8052 10336 "POST /api/v1/reading/progress/update/ HTTP/1.1" 200 1375
INFO 2026-02-24 15:50:47,384 basehttp 8052 16608 "POST /api/v1/reading/progress/update/ HTTP/1.1" 200 1375
INFO 2026-02-24 15:50:47,971 basehttp 8052 16608 "POST /api/v1/reading/progress/update/ HTTP/1.1" 200 1375
INFO 2026-02-24 15:50:48,127 basehttp 8052 9656 "POST /api/v1/reading/progress/update/ HTTP/1.1" 200 1375
INFO 2026-02-24 15:50:48,354 basehttp 8052 10368 "POST /api/v1/reading/progress/update/ HTTP/1.1" 200 1375
INFO 2026-02-24 15:50:48,368 basehttp 8052 10336 "POST /api/v1/reading/progress/update/ HTTP/1.1" 200 1375
INFO 2026-02-24 15:50:48,721 basehttp 8052 9656 "POST /api/v1/reading/progress/update/ HTTP/1.1" 200 1375
INFO 2026-02-24 15:50:49,004 basehttp 8052 16608 "POST /api/v1/reading/progress/update/ HTTP/1.1" 200 1376
INFO 2026-02-24 15:50:49,017 basehttp 8052 10368 "POST /api/v1/reading/progress/update/ HTTP/1.1" 200 1376
INFO 2026-02-24 15:50:49,017 basehttp 8052 10336 "POST /api/v1/reading/progress/update/ HTTP/1.1" 200 1375
INFO 2026-02-24 15:50:49,198 basehttp 8052 10276 "POST /api/v1/reading/progress/update/ HTTP/1.1" 200 1378
INFO 2026-02-24 15:51:15,094 basehttp 8052 10276 "POST /api/v1/reading/progress/update/ HTTP/1.1" 200 1378
INFO 2026-02-24 15:56:04,559 basehttp 8052 13576 "OPTIONS /api/v1/auth/login/ HTTP/1.1" 200 0
INFO 2026-02-24 15:56:05,959 basehttp 8052 13576 "POST /api/v1/auth/login/ HTTP/1.1" 200 1089
INFO 2026-02-24 15:56:06,661 basehttp 8052 13576 "OPTIONS /api/v1/recommendations/ HTTP/1.1" 200 0
INFO 2026-02-24 15:56:06,683 basehttp 8052 10372 "OPTIONS /api/v1/reading/progress/ HTTP/1.1" 200 0
INFO 2026-02-24 15:56:06,813 basehttp 8052 13576 "GET /api/v1/reading/progress/ HTTP/1.1" 200 1430
INFO 2026-02-24 15:56:06,910 basehttp 8052 10372 "GET /api/v1/recommendations/ HTTP/1.1" 200 76
INFO 2026-02-24 15:56:31,441 basehttp 8052 10372 "OPTIONS /api/v1/novels/genres/ HTTP/1.1" 200 0
INFO 2026-02-24 15:56:31,473 basehttp 8052 10372 "OPTIONS /api/v1/novels/ HTTP/1.1" 200 0
INFO 2026-02-24 15:56:31,541 basehttp 8052 13576 "GET /api/v1/novels/genres/ HTTP/1.1" 200 1584
INFO 2026-02-24 15:56:31,688 basehttp 8052 10372 "GET /api/v1/novels/ HTTP/1.1" 200 16212
INFO 2026-02-24 17:42:09,002 autoreload 8052 13524 E:\Projects\Freelense assignment\Ebook flutter\backend\apps\recommendations\views.py changed, reloading.
INFO 2026-02-24 17:42:14,204 autoreload 11296 10492 Watching for file changes with StatReloader
INFO 2026-02-25 00:30:36,157 autoreload 9900 13040 Watching for file changes with StatReloader
INFO 2026-02-25 00:31:31,198 basehttp 9900 10320 "OPTIONS /api/v1/auth/login/ HTTP/1.1" 200 0
WARNING 2026-02-25 00:31:34,636 log 9900 10320 Unauthorized: /api/v1/auth/login/
WARNING 2026-02-25 00:31:34,661 basehttp 9900 10320 "POST /api/v1/auth/login/ HTTP/1.1" 401 63
INFO 2026-02-25 00:32:24,508 basehttp 9900 10320 "POST /api/v1/auth/login/ HTTP/1.1" 200 1089
INFO 2026-02-25 00:32:25,243 basehttp 9900 10320 "OPTIONS /api/v1/recommendations/ HTTP/1.1" 200 0
INFO 2026-02-25 00:32:25,260 basehttp 9900 8196 "OPTIONS /api/v1/reading/progress/ HTTP/1.1" 200 0
INFO 2026-02-25 00:32:25,526 basehttp 9900 8196 "GET /api/v1/reading/progress/ HTTP/1.1" 200 1430
INFO 2026-02-25 00:32:26,096 basehttp 9900 10320 "GET /api/v1/recommendations/ HTTP/1.1" 200 10012
INFO 2026-02-25 00:32:39,278 basehttp 9900 10320 "OPTIONS /api/v1/novels/genres/ HTTP/1.1" 200 0
INFO 2026-02-25 00:32:39,290 basehttp 9900 8196 "OPTIONS /api/v1/novels/ HTTP/1.1" 200 0
INFO 2026-02-25 00:32:39,402 basehttp 9900 10320 "GET /api/v1/novels/genres/ HTTP/1.1" 200 1584
INFO 2026-02-25 00:32:39,637 basehttp 9900 8196 "GET /api/v1/novels/ HTTP/1.1" 200 16212
INFO 2026-02-25 00:48:19,553 basehttp 9900 3452 "POST /api/v1/auth/login/ HTTP/1.1" 200 1089
INFO 2026-02-25 00:48:20,273 basehttp 9900 7480 "GET /api/v1/reading/progress/ HTTP/1.1" 200 1430
INFO 2026-02-25 00:48:20,496 basehttp 9900 3452 "GET /api/v1/recommendations/ HTTP/1.1" 200 10012
INFO 2026-02-25 00:48:24,288 basehttp 9900 3452 "OPTIONS /api/v1/novels/9c1a5de7-78f2-48a8-a99c-1b3174056902/ HTTP/1.1" 200 0
INFO 2026-02-25 00:48:24,491 basehttp 9900 3452 "GET /api/v1/novels/9c1a5de7-78f2-48a8-a99c-1b3174056902/ HTTP/1.1" 200 2370
INFO 2026-02-25 00:48:39,330 basehttp 9900 3452 "GET /api/v1/novels/genres/ HTTP/1.1" 200 1584
INFO 2026-02-25 00:48:39,540 basehttp 9900 7480 "GET /api/v1/novels/ HTTP/1.1" 200 16212
INFO 2026-02-25 14:10:58,548 autoreload 2384 14920 Watching for file changes with StatReloader
INFO 2026-02-25 14:23:35,721 basehttp 2384 14472 "GET /api/v1/novels/genres/ HTTP/1.1" 200 1584
INFO 2026-02-25 14:24:04,165 basehttp 2384 3380 "OPTIONS /api/v1/auth/login/ HTTP/1.1" 200 0
INFO 2026-02-25 14:24:07,487 basehttp 2384 3380 "POST /api/v1/auth/login/ HTTP/1.1" 200 1089
INFO 2026-02-25 14:24:08,740 basehttp 2384 3380 "OPTIONS /api/v1/recommendations/ HTTP/1.1" 200 0
INFO 2026-02-25 14:24:08,748 basehttp 2384 3380 "OPTIONS /api/v1/reading/progress/ HTTP/1.1" 200 0
INFO 2026-02-25 14:24:08,999 basehttp 2384 3380 "GET /api/v1/reading/progress/ HTTP/1.1" 200 1430
INFO 2026-02-25 14:24:09,969 basehttp 2384 14908 "GET /api/v1/recommendations/ HTTP/1.1" 200 10012
INFO 2026-02-25 14:24:14,423 basehttp 2384 14908 "OPTIONS /api/v1/novels/genres/ HTTP/1.1" 200 0
INFO 2026-02-25 14:24:14,459 basehttp 2384 14908 "OPTIONS /api/v1/novels/ HTTP/1.1" 200 0
INFO 2026-02-25 14:24:14,513 basehttp 2384 14908 "GET /api/v1/novels/genres/ HTTP/1.1" 200 1584
INFO 2026-02-25 14:24:14,699 basehttp 2384 3380 "GET /api/v1/novels/ HTTP/1.1" 200 16212
INFO 2026-02-25 14:30:50,320 basehttp 2384 9116 "POST /api/v1/auth/login/ HTTP/1.1" 200 1089
INFO 2026-02-25 14:30:50,940 basehttp 2384 3652 "GET /api/v1/reading/progress/ HTTP/1.1" 200 1430
INFO 2026-02-25 14:30:51,413 basehttp 2384 9116 "GET /api/v1/recommendations/ HTTP/1.1" 200 10012
INFO 2026-02-25 14:31:00,960 basehttp 2384 9116 "GET /api/v1/novels/genres/ HTTP/1.1" 200 1584
INFO 2026-02-25 14:31:01,109 basehttp 2384 3652 "GET /api/v1/novels/ HTTP/1.1" 200 16212
INFO 2026-02-25 14:32:34,879 basehttp 2384 3652 "POST /api/v1/auth/login/ HTTP/1.1" 200 1089
INFO 2026-02-25 14:32:35,467 basehttp 2384 9116 "GET /api/v1/reading/progress/ HTTP/1.1" 200 1430
INFO 2026-02-25 14:32:35,606 basehttp 2384 3652 "GET /api/v1/recommendations/ HTTP/1.1" 200 10012
INFO 2026-02-25 14:32:41,838 basehttp 2384 3652 "GET /api/v1/novels/genres/ HTTP/1.1" 200 1584
INFO 2026-02-25 14:32:41,944 basehttp 2384 9116 "GET /api/v1/novels/ HTTP/1.1" 200 16212
INFO 2026-02-25 14:34:24,485 basehttp 2384 9116 "POST /api/v1/auth/login/ HTTP/1.1" 200 1089
INFO 2026-02-25 14:34:25,143 basehttp 2384 3652 "GET /api/v1/reading/progress/ HTTP/1.1" 200 1430
INFO 2026-02-25 14:34:25,310 basehttp 2384 9116 "GET /api/v1/recommendations/ HTTP/1.1" 200 10012
INFO 2026-02-25 14:36:30,109 autoreload 2384 14920 E:\Projects\Freelense assignment\Ebook flutter\backend\apps\novels\views.py changed, reloading.
INFO 2026-02-25 14:36:42,204 autoreload 3584 10844 Watching for file changes with StatReloader
INFO 2026-02-25 14:37:28,080 autoreload 3584 10844 E:\Projects\Freelense assignment\Ebook flutter\backend\apps\novels\serializers.py changed, reloading.
INFO 2026-02-25 14:37:31,342 autoreload 11844 7864 Watching for file changes with StatReloader
INFO 2026-02-25 15:05:02,765 autoreload 1692 9492 Watching for file changes with StatReloader
INFO 2026-02-25 17:33:19,594 basehttp 1692 5736 "OPTIONS /api/v1/auth/login/ HTTP/1.1" 200 0
INFO 2026-02-25 17:33:24,966 basehttp 1692 5736 "POST /api/v1/auth/login/ HTTP/1.1" 200 1089
INFO 2026-02-25 17:33:25,997 basehttp 1692 5736 "OPTIONS /api/v1/recommendations/ HTTP/1.1" 200 0
INFO 2026-02-25 17:33:26,036 basehttp 1692 10808 "OPTIONS /api/v1/reading/progress/ HTTP/1.1" 200 0
INFO 2026-02-25 17:33:26,510 basehttp 1692 10808 "GET /api/v1/reading/progress/ HTTP/1.1" 200 1430
INFO 2026-02-25 17:33:26,648 basehttp 1692 6724 "OPTIONS /api/v1/surveys/active/ HTTP/1.1" 200 0
INFO 2026-02-25 17:33:26,734 basehttp 1692 6724 "GET /api/v1/surveys/active/ HTTP/1.1" 200 52
INFO 2026-02-25 17:33:26,735 basehttp 1692 12912 "OPTIONS /api/v1/novels/trending/ HTTP/1.1" 200 0
INFO 2026-02-25 17:33:27,146 basehttp 1692 12912 "GET /api/v1/novels/trending/ HTTP/1.1" 200 17009
INFO 2026-02-25 17:33:29,053 basehttp 1692 5736 "GET /api/v1/recommendations/ HTTP/1.1" 200 10012
INFO 2026-02-25 17:33:32,528 basehttp 1692 5736 "OPTIONS /api/v1/novels/genres/ HTTP/1.1" 200 0
INFO 2026-02-25 17:33:32,532 basehttp 1692 5736 "OPTIONS /api/v1/novels/popular/ HTTP/1.1" 200 0
INFO 2026-02-25 17:33:32,545 basehttp 1692 6724 "OPTIONS /api/v1/novels/?search= HTTP/1.1" 200 0
INFO 2026-02-25 17:33:32,712 basehttp 1692 5736 "GET /api/v1/novels/genres/ HTTP/1.1" 200 1584
INFO 2026-02-25 17:33:32,922 basehttp 1692 6724 "GET /api/v1/novels/?search= HTTP/1.1" 200 16220
INFO 2026-02-25 17:33:32,929 basehttp 1692 12912 "GET /api/v1/novels/popular/ HTTP/1.1" 200 16171
INFO 2026-02-25 17:33:37,184 basehttp 1692 12912 "OPTIONS /api/v1/novels/?genre=38b8c80c-dd2a-4b68-8aed-5002d694914d&search= HTTP/1.1" 200 0
INFO 2026-02-25 17:33:37,205 basehttp 1692 12912 "GET /api/v1/novels/?genre=38b8c80c-dd2a-4b68-8aed-5002d694914d&search= HTTP/1.1" 200 52
INFO 2026-02-25 17:33:39,213 basehttp 1692 12912 "OPTIONS /api/v1/novels/?genre=e65f7826-216d-4102-adf0-93e454c9b5a5&search= HTTP/1.1" 200 0
INFO 2026-02-25 17:33:39,236 basehttp 1692 12912 "GET /api/v1/novels/?genre=e65f7826-216d-4102-adf0-93e454c9b5a5&search= HTTP/1.1" 200 52
INFO 2026-02-25 17:33:41,719 basehttp 1692 12912 "GET /api/v1/novels/?genre=38b8c80c-dd2a-4b68-8aed-5002d694914d&search= HTTP/1.1" 200 52
INFO 2026-02-25 17:33:52,725 basehttp 1692 12912 "OPTIONS /api/v1/novels/?genre=1a4453a5-02fc-44fb-82d1-f0842e1c38b3&search= HTTP/1.1" 200 0
INFO 2026-02-25 17:33:52,747 basehttp 1692 12912 "GET /api/v1/novels/?genre=1a4453a5-02fc-44fb-82d1-f0842e1c38b3&search= HTTP/1.1" 200 52
INFO 2026-02-25 17:33:57,066 basehttp 1692 12912 "GET /api/v1/novels/?genre=38b8c80c-dd2a-4b68-8aed-5002d694914d&search= HTTP/1.1" 200 52
INFO 2026-02-25 17:34:01,133 basehttp 1692 12912 "OPTIONS /api/v1/novels/?genre=38b8c80c-dd2a-4b68-8aed-5002d694914d&search=D HTTP/1.1" 200 0
INFO 2026-02-25 17:34:01,172 basehttp 1692 6724 "OPTIONS /api/v1/novels/?genre=38b8c80c-dd2a-4b68-8aed-5002d694914d&search=Dr HTTP/1.1" 200 0
INFO 2026-02-25 17:34:01,235 basehttp 1692 6724 "GET /api/v1/novels/?genre=38b8c80c-dd2a-4b68-8aed-5002d694914d&search=Dr HTTP/1.1" 200 52
INFO 2026-02-25 17:34:01,239 basehttp 1692 5736 "OPTIONS /api/v1/novels/?genre=38b8c80c-dd2a-4b68-8aed-5002d694914d&search=Dre HTTP/1.1" 200 0
INFO 2026-02-25 17:34:01,253 basehttp 1692 12912 "GET /api/v1/novels/?genre=38b8c80c-dd2a-4b68-8aed-5002d694914d&search=D HTTP/1.1" 200 52
INFO 2026-02-25 17:34:01,377 basehttp 1692 5736 "GET /api/v1/novels/?genre=38b8c80c-dd2a-4b68-8aed-5002d694914d&search=Dre HTTP/1.1" 200 52
INFO 2026-02-25 17:34:02,089 basehttp 1692 5736 "OPTIONS /api/v1/novels/?genre=38b8c80c-dd2a-4b68-8aed-5002d694914d&search=Drea HTTP/1.1" 200 0
INFO 2026-02-25 17:34:02,101 basehttp 1692 12912 "OPTIONS /api/v1/novels/?genre=38b8c80c-dd2a-4b68-8aed-5002d694914d&search=Dream HTTP/1.1" 200 0
INFO 2026-02-25 17:34:02,128 basehttp 1692 5736 "GET /api/v1/novels/?genre=38b8c80c-dd2a-4b68-8aed-5002d694914d&search=Drea HTTP/1.1" 200 52
INFO 2026-02-25 17:34:02,148 basehttp 1692 12912 "GET /api/v1/novels/?genre=38b8c80c-dd2a-4b68-8aed-5002d694914d&search=Dream HTTP/1.1" 200 52
INFO 2026-02-25 17:34:02,956 basehttp 1692 12912 "OPTIONS /api/v1/novels/?genre=38b8c80c-dd2a-4b68-8aed-5002d694914d&search=Dreams HTTP/1.1" 200 0
INFO 2026-02-25 17:34:02,980 basehttp 1692 12912 "GET /api/v1/novels/?genre=38b8c80c-dd2a-4b68-8aed-5002d694914d&search=Dreams HTTP/1.1" 200 52
INFO 2026-02-25 17:34:39,118 basehttp 1692 12912 "GET /api/v1/novels/?genre=38b8c80c-dd2a-4b68-8aed-5002d694914d&search=Dream HTTP/1.1" 200 52
INFO 2026-02-25 17:34:51,145 basehttp 1692 12912 "OPTIONS /api/v1/novels/?genre=e65f7826-216d-4102-adf0-93e454c9b5a5&search=Dream HTTP/1.1" 200 0
INFO 2026-02-25 17:34:51,182 basehttp 1692 12912 "GET /api/v1/novels/?genre=e65f7826-216d-4102-adf0-93e454c9b5a5&search=Dream HTTP/1.1" 200 52
INFO 2026-02-25 17:34:57,329 basehttp 1692 12912 "OPTIONS /api/v1/novels/?genre=bd4fb1ae-2aef-49c1-94a2-5f12f4c11d51&search=Dream HTTP/1.1" 200 0
INFO 2026-02-25 17:34:57,353 basehttp 1692 12912 "GET /api/v1/novels/?genre=bd4fb1ae-2aef-49c1-94a2-5f12f4c11d51&search=Dream HTTP/1.1" 200 52
INFO 2026-02-25 17:35:14,611 basehttp 1692 12912 "OPTIONS /api/v1/novels/ratings/ HTTP/1.1" 200 0
INFO 2026-02-25 17:35:14,647 basehttp 1692 12912 "GET /api/v1/novels/ratings/ HTTP/1.1" 200 52
INFO 2026-02-26 01:57:16,534 autoreload 10680 15096 Watching for file changes with StatReloader
INFO 2026-02-26 01:58:48,142 autoreload 11528 16256 Watching for file changes with StatReloader
INFO 2026-02-26 01:59:44,333 basehttp 11528 12780 "OPTIONS /api/v1/auth/login/ HTTP/1.1" 200 0
INFO 2026-02-26 01:59:52,352 basehttp 11528 12780 "POST /api/v1/auth/login/ HTTP/1.1" 200 1089
INFO 2026-02-26 01:59:53,253 basehttp 11528 12780 "OPTIONS /api/v1/recommendations/ HTTP/1.1" 200 0
INFO 2026-02-26 01:59:53,278 basehttp 11528 12780 "OPTIONS /api/v1/reading/progress/ HTTP/1.1" 200 0
INFO 2026-02-26 01:59:53,290 basehttp 11528 12780 "OPTIONS /api/v1/surveys/active/ HTTP/1.1" 200 0
INFO 2026-02-26 01:59:53,300 basehttp 11528 15836 "OPTIONS /api/v1/novels/trending/ HTTP/1.1" 200 0
INFO 2026-02-26 01:59:53,942 basehttp 11528 12780 "GET /api/v1/reading/progress/ HTTP/1.1" 200 1430
INFO 2026-02-26 01:59:54,384 basehttp 11528 16220 "GET /api/v1/surveys/active/ HTTP/1.1" 200 52
INFO 2026-02-26 01:59:54,820 basehttp 11528 12420 "GET /api/v1/novels/trending/ HTTP/1.1" 200 17009
INFO 2026-02-26 01:59:55,161 basehttp 11528 15836 "GET /api/v1/recommendations/ HTTP/1.1" 200 10012
INFO 2026-02-26 02:00:00,414 basehttp 11528 15836 "OPTIONS /api/v1/novels/genres/ HTTP/1.1" 200 0
INFO 2026-02-26 02:00:00,427 basehttp 11528 15836 "OPTIONS /api/v1/novels/popular/ HTTP/1.1" 200 0
INFO 2026-02-26 02:00:00,438 basehttp 11528 15836 "OPTIONS /api/v1/novels/ HTTP/1.1" 200 0
INFO 2026-02-26 02:00:01,005 basehttp 11528 15836 "GET /api/v1/novels/genres/ HTTP/1.1" 200 1584
INFO 2026-02-26 02:00:01,715 basehttp 11528 16220 "GET /api/v1/novels/ HTTP/1.1" 200 15932
INFO 2026-02-26 02:00:01,891 basehttp 11528 12420 "GET /api/v1/novels/popular/ HTTP/1.1" 200 15891
INFO 2026-02-26 02:00:21,536 basehttp 11528 12420 "OPTIONS /api/v1/novels/?genre=38b8c80c-dd2a-4b68-8aed-5002d694914d HTTP/1.1" 200 0
INFO 2026-02-26 02:00:21,665 basehttp 11528 12420 "GET /api/v1/novels/?genre=38b8c80c-dd2a-4b68-8aed-5002d694914d HTTP/1.1" 200 4883
INFO 2026-02-26 02:00:37,034 basehttp 11528 12420 "OPTIONS /api/v1/novels/?genre=e65f7826-216d-4102-adf0-93e454c9b5a5 HTTP/1.1" 200 0
INFO 2026-02-26 02:00:37,254 basehttp 11528 12420 "GET /api/v1/novels/?genre=e65f7826-216d-4102-adf0-93e454c9b5a5 HTTP/1.1" 200 4899
INFO 2026-02-26 02:00:47,534 basehttp 11528 12420 "OPTIONS /api/v1/novels/?genre=bd4fb1ae-2aef-49c1-94a2-5f12f4c11d51 HTTP/1.1" 200 0
INFO 2026-02-26 02:00:47,632 basehttp 11528 12420 "GET /api/v1/novels/?genre=bd4fb1ae-2aef-49c1-94a2-5f12f4c11d51 HTTP/1.1" 200 4270
INFO 2026-02-26 02:01:04,904 basehttp 11528 12420 "OPTIONS /api/v1/novels/?genre=bd4fb1ae-2aef-49c1-94a2-5f12f4c11d51&search=R HTTP/1.1" 200 0
INFO 2026-02-26 02:01:04,909 basehttp 11528 16220 "OPTIONS /api/v1/novels/?genre=bd4fb1ae-2aef-49c1-94a2-5f12f4c11d51&search=Re HTTP/1.1" 200 0
INFO 2026-02-26 02:01:05,138 basehttp 11528 12420 "GET /api/v1/novels/?genre=bd4fb1ae-2aef-49c1-94a2-5f12f4c11d51&search=R HTTP/1.1" 200 4270
INFO 2026-02-26 02:01:05,141 basehttp 11528 16220 "GET /api/v1/novels/?genre=bd4fb1ae-2aef-49c1-94a2-5f12f4c11d51&search=Re HTTP/1.1" 200 4270
INFO 2026-02-26 02:01:05,713 basehttp 11528 12420 "OPTIONS /api/v1/novels/?genre=bd4fb1ae-2aef-49c1-94a2-5f12f4c11d51&search=Rei HTTP/1.1" 200 0
INFO 2026-02-26 02:01:05,759 basehttp 11528 12420 "GET /api/v1/novels/?genre=bd4fb1ae-2aef-49c1-94a2-5f12f4c11d51&search=Rei HTTP/1.1" 200 779
INFO 2026-02-26 02:01:05,762 basehttp 11528 16220 "OPTIONS /api/v1/novels/?genre=bd4fb1ae-2aef-49c1-94a2-5f12f4c11d51&search=Reig HTTP/1.1" 200 0
INFO 2026-02-26 02:01:05,837 basehttp 11528 16220 "GET /api/v1/novels/?genre=bd4fb1ae-2aef-49c1-94a2-5f12f4c11d51&search=Reig HTTP/1.1" 200 779
INFO 2026-02-26 02:01:18,575 basehttp 11528 16220 "OPTIONS /api/v1/novels/ratings/ HTTP/1.1" 200 0
INFO 2026-02-26 02:01:18,598 basehttp 11528 16220 "GET /api/v1/novels/ratings/ HTTP/1.1" 200 52
INFO 2026-02-26 02:02:20,654 basehttp 11528 16220 "OPTIONS /api/v1/novels/26b9fd3a-3e44-4dd4-90aa-10944302e172/ HTTP/1.1" 200 0
INFO 2026-02-26 02:02:20,808 basehttp 11528 16220 "GET /api/v1/novels/26b9fd3a-3e44-4dd4-90aa-10944302e172/ HTTP/1.1" 200 2501
INFO 2026-02-26 02:02:21,441 basehttp 11528 16220 "OPTIONS /api/v1/reading/bookmarks/?novel=26b9fd3a-3e44-4dd4-90aa-10944302e172 HTTP/1.1" 200 0
INFO 2026-02-26 02:02:21,460 basehttp 11528 16220 "GET /api/v1/reading/bookmarks/?novel=26b9fd3a-3e44-4dd4-90aa-10944302e172 HTTP/1.1" 200 52
INFO 2026-02-26 02:02:24,059 basehttp 11528 12420 "OPTIONS /api/v1/novels/26b9fd3a-3e44-4dd4-90aa-10944302e172/chapters/1/ HTTP/1.1" 200 0
INFO 2026-02-26 02:02:24,068 basehttp 11528 16220 "GET /api/v1/reading/bookmarks/?novel=26b9fd3a-3e44-4dd4-90aa-10944302e172 HTTP/1.1" 200 52
INFO 2026-02-26 02:02:24,104 basehttp 11528 12420 "GET /api/v1/novels/26b9fd3a-3e44-4dd4-90aa-10944302e172/chapters/1/ HTTP/1.1" 200 5613
INFO 2026-02-26 02:02:25,951 basehttp 11528 12420 "OPTIONS /api/v1/reading/progress/update/ HTTP/1.1" 200 0
INFO 2026-02-26 02:02:26,402 basehttp 11528 12420 "POST /api/v1/reading/progress/update/ HTTP/1.1" 200 1214
INFO 2026-02-26 02:02:26,426 basehttp 11528 15836 "POST /api/v1/reading/progress/update/ HTTP/1.1" 200 1213
INFO 2026-02-26 02:02:26,583 basehttp 11528 16220 "POST /api/v1/reading/progress/update/ HTTP/1.1" 200 1214
INFO 2026-02-26 02:02:26,880 basehttp 11528 12780 "POST /api/v1/reading/progress/update/ HTTP/1.1" 200 1215
INFO 2026-02-26 02:02:26,893 basehttp 11528 12420 "POST /api/v1/reading/progress/update/ HTTP/1.1" 200 1214
INFO 2026-02-26 02:02:35,038 basehttp 11528 12420 "OPTIONS /api/v1/reading/bookmarks/ HTTP/1.1" 200 0
WARNING 2026-02-26 02:02:35,050 log 11528 12420 Bad Request: /api/v1/reading/bookmarks/
WARNING 2026-02-26 02:02:35,051 basehttp 11528 12420 "POST /api/v1/reading/bookmarks/ HTTP/1.1" 400 88
WARNING 2026-02-26 02:02:44,031 log 11528 12420 Bad Request: /api/v1/reading/bookmarks/
WARNING 2026-02-26 02:02:44,032 basehttp 11528 12420 "POST /api/v1/reading/bookmarks/ HTTP/1.1" 400 88
WARNING 2026-02-26 02:02:45,132 log 11528 12420 Bad Request: /api/v1/reading/bookmarks/
WARNING 2026-02-26 02:02:45,133 basehttp 11528 12420 "POST /api/v1/reading/bookmarks/ HTTP/1.1" 400 88
INFO 2026-02-26 02:21:28,997 autoreload 16656 16440 Watching for file changes with StatReloader
INFO 2026-02-26 02:24:53,405 autoreload 16656 16440 E:\Projects\Freelense assignment\Ebook flutter\backend\apps\reading\models.py changed, reloading.
INFO 2026-02-26 02:24:56,967 autoreload 17192 16680 Watching for file changes with StatReloader
INFO 2026-02-26 02:27:20,369 basehttp 17192 15460 "OPTIONS /api/v1/auth/login/ HTTP/1.1" 200 0
INFO 2026-02-26 02:27:26,617 basehttp 17192 15460 "POST /api/v1/auth/login/ HTTP/1.1" 200 1089
INFO 2026-02-26 02:27:27,869 basehttp 17192 15460 "OPTIONS /api/v1/recommendations/ HTTP/1.1" 200 0
INFO 2026-02-26 02:27:27,869 basehttp 17192 6552 "OPTIONS /api/v1/reading/progress/ HTTP/1.1" 200 0
INFO 2026-02-26 02:27:28,380 basehttp 17192 15460 "GET /api/v1/reading/progress/ HTTP/1.1" 200 2646
INFO 2026-02-26 02:27:28,468 basehttp 17192 1984 "OPTIONS /api/v1/surveys/active/ HTTP/1.1" 200 0
INFO 2026-02-26 02:27:28,518 basehttp 17192 16536 "OPTIONS /api/v1/novels/trending/ HTTP/1.1" 200 0
INFO 2026-02-26 02:27:28,568 basehttp 17192 15460 "GET /api/v1/surveys/active/ HTTP/1.1" 200 52
INFO 2026-02-26 02:27:28,824 basehttp 17192 16536 "GET /api/v1/novels/trending/ HTTP/1.1" 200 17009
INFO 2026-02-26 02:27:29,304 basehttp 17192 6552 "GET /api/v1/recommendations/ HTTP/1.1" 200 10012
INFO 2026-02-26 02:27:39,257 basehttp 17192 11552 "OPTIONS /api/v1/novels/genres/ HTTP/1.1" 200 0
INFO 2026-02-26 02:27:39,260 basehttp 17192 6212 "OPTIONS /api/v1/novels/popular/ HTTP/1.1" 200 0
INFO 2026-02-26 02:27:39,342 basehttp 17192 17328 "OPTIONS /api/v1/novels/ HTTP/1.1" 200 0
INFO 2026-02-26 02:27:39,449 basehttp 17192 6212 "GET /api/v1/novels/genres/ HTTP/1.1" 200 1584
INFO 2026-02-26 02:27:39,708 basehttp 17192 17328 "GET /api/v1/novels/ HTTP/1.1" 200 15932
INFO 2026-02-26 02:27:39,822 basehttp 17192 11552 "GET /api/v1/novels/popular/ HTTP/1.1" 200 15891
INFO 2026-02-26 02:27:42,089 basehttp 17192 11552 "OPTIONS /api/v1/novels/26b9fd3a-3e44-4dd4-90aa-10944302e172/ HTTP/1.1" 200 0
INFO 2026-02-26 02:27:42,108 basehttp 17192 11552 "OPTIONS /api/v1/novels/26b9fd3a-3e44-4dd4-90aa-10944302e172/chapters/beb924ac-bc13-47c2-ad45-827319f816e0/ HTTP/1.1" 200 0
INFO 2026-02-26 02:27:42,791 basehttp 17192 11552 "GET /api/v1/novels/26b9fd3a-3e44-4dd4-90aa-10944302e172/ HTTP/1.1" 200 2501
WARNING 2026-02-26 02:27:44,250 log 17192 17328 Not Found: /api/v1/novels/26b9fd3a-3e44-4dd4-90aa-10944302e172/chapters/beb924ac-bc13-47c2-ad45-827319f816e0/
WARNING 2026-02-26 02:27:44,260 basehttp 17192 17328 "GET /api/v1/novels/26b9fd3a-3e44-4dd4-90aa-10944302e172/chapters/beb924ac-bc13-47c2-ad45-827319f816e0/ HTTP/1.1" 404 7324
INFO 2026-02-26 02:27:45,040 basehttp 17192 4356 "OPTIONS /api/v1/reading/bookmarks/?novel=26b9fd3a-3e44-4dd4-90aa-10944302e172 HTTP/1.1" 200 0
INFO 2026-02-26 02:27:45,159 basehttp 17192 4356 "GET /api/v1/reading/bookmarks/?novel=26b9fd3a-3e44-4dd4-90aa-10944302e172 HTTP/1.1" 200 52
INFO 2026-02-26 02:27:55,403 basehttp 17192 4356 "OPTIONS /api/v1/novels/99e8ded9-237a-48a2-9b6a-46ecba0785e7/ HTTP/1.1" 200 0
INFO 2026-02-26 02:27:55,409 basehttp 17192 17144 "OPTIONS /api/v1/novels/99e8ded9-237a-48a2-9b6a-46ecba0785e7/chapters/6a9df88a-db8d-458e-ab03-7f46efbad36b/ HTTP/1.1" 200 0
WARNING 2026-02-26 02:27:55,479 log 17192 17144 Not Found: /api/v1/novels/99e8ded9-237a-48a2-9b6a-46ecba0785e7/chapters/6a9df88a-db8d-458e-ab03-7f46efbad36b/
WARNING 2026-02-26 02:27:55,491 basehttp 17192 17144 "GET /api/v1/novels/99e8ded9-237a-48a2-9b6a-46ecba0785e7/chapters/6a9df88a-db8d-458e-ab03-7f46efbad36b/ HTTP/1.1" 404 7324
INFO 2026-02-26 02:27:56,601 basehttp 17192 4356 "GET /api/v1/novels/99e8ded9-237a-48a2-9b6a-46ecba0785e7/ HTTP/1.1" 200 2661
INFO 2026-02-26 02:28:19,031 basehttp 17192 17792 "OPTIONS /api/v1/novels/9c1a5de7-78f2-48a8-a99c-1b3174056902/ HTTP/1.1" 200 0
INFO 2026-02-26 02:28:19,247 basehttp 17192 17792 "GET /api/v1/novels/9c1a5de7-78f2-48a8-a99c-1b3174056902/ HTTP/1.1" 200 2370
INFO 2026-02-26 02:28:19,637 basehttp 17192 17792 "OPTIONS /api/v1/reading/bookmarks/?novel=9c1a5de7-78f2-48a8-a99c-1b3174056902 HTTP/1.1" 200 0
INFO 2026-02-26 02:28:19,652 basehttp 17192 17792 "GET /api/v1/reading/bookmarks/?novel=9c1a5de7-78f2-48a8-a99c-1b3174056902 HTTP/1.1" 200 52
INFO 2026-02-26 02:28:23,793 basehttp 17192 17648 "OPTIONS /api/v1/novels/9c1a5de7-78f2-48a8-a99c-1b3174056902/chapters/1/ HTTP/1.1" 200 0
INFO 2026-02-26 02:28:23,803 basehttp 17192 17792 "GET /api/v1/reading/bookmarks/?novel=9c1a5de7-78f2-48a8-a99c-1b3174056902 HTTP/1.1" 200 52
INFO 2026-02-26 02:28:23,815 basehttp 17192 17648 "GET /api/v1/novels/9c1a5de7-78f2-48a8-a99c-1b3174056902/chapters/1/ HTTP/1.1" 200 5623
INFO 2026-02-26 02:28:30,639 basehttp 17192 17648 "OPTIONS /api/v1/reading/bookmarks/ HTTP/1.1" 200 0
WARNING 2026-02-26 02:28:30,661 log 17192 17648 Bad Request: /api/v1/reading/bookmarks/
WARNING 2026-02-26 02:28:30,679 basehttp 17192 17648 "POST /api/v1/reading/bookmarks/ HTTP/1.1" 400 44
INFO 2026-02-26 02:29:06,467 basehttp 17192 17648 "OPTIONS /api/v1/reading/progress/update/ HTTP/1.1" 200 0
INFO 2026-02-26 02:29:06,491 basehttp 17192 17792 "GET /api/v1/reading/bookmarks/?novel=9c1a5de7-78f2-48a8-a99c-1b3174056902 HTTP/1.1" 200 52
INFO 2026-02-26 02:29:06,856 basehttp 17192 17648 "POST /api/v1/reading/progress/update/ HTTP/1.1" 200 1069
INFO 2026-02-26 02:29:31,983 basehttp 17192 4048 "GET /api/v1/reading/bookmarks/?novel=26b9fd3a-3e44-4dd4-90aa-10944302e172 HTTP/1.1" 200 52
INFO 2026-02-26 02:30:00,118 basehttp 17192 4048 "OPTIONS /api/v1/reading/bookmarks/?novel=99e8ded9-237a-48a2-9b6a-46ecba0785e7 HTTP/1.1" 200 0
INFO 2026-02-26 02:30:00,247 basehttp 17192 4048 "GET /api/v1/reading/bookmarks/?novel=99e8ded9-237a-48a2-9b6a-46ecba0785e7 HTTP/1.1" 200 52
INFO 2026-02-26 02:36:48,668 autoreload 10692 10304 Watching for file changes with StatReloader
INFO 2026-02-26 02:38:09,321 basehttp 10692 11892 "OPTIONS /api/v1/auth/login/ HTTP/1.1" 200 0
WARNING 2026-02-26 02:38:09,613 log 10692 11892 Bad Request: /api/v1/auth/login/
WARNING 2026-02-26 02:38:09,617 basehttp 10692 11892 "POST /api/v1/auth/login/ HTTP/1.1" 400 86
WARNING 2026-02-26 02:38:34,728 log 10692 11892 Unauthorized: /api/v1/auth/login/
WARNING 2026-02-26 02:38:34,825 basehttp 10692 11892 "POST /api/v1/auth/login/ HTTP/1.1" 401 63
INFO 2026-02-26 02:39:11,371 basehttp 10692 11892 "POST /api/v1/auth/login/ HTTP/1.1" 200 1089
INFO 2026-02-26 02:39:12,189 basehttp 10692 11892 "OPTIONS /api/v1/recommendations/ HTTP/1.1" 200 0
INFO 2026-02-26 02:39:13,132 basehttp 10692 1512 "OPTIONS /api/v1/surveys/active/ HTTP/1.1" 200 0
INFO 2026-02-26 02:39:13,434 basehttp 10692 1512 "GET /api/v1/surveys/active/ HTTP/1.1" 200 52
INFO 2026-02-26 02:39:13,703 basehttp 10692 19368 "OPTIONS /api/v1/reading/progress/ HTTP/1.1" 200 0
INFO 2026-02-26 02:39:13,850 basehttp 10692 11892 "GET /api/v1/recommendations/ HTTP/1.1" 200 10012
INFO 2026-02-26 02:39:13,901 basehttp 10692 9940 "OPTIONS /api/v1/novels/trending/ HTTP/1.1" 200 0
INFO 2026-02-26 02:39:14,010 basehttp 10692 1512 "GET /api/v1/reading/progress/ HTTP/1.1" 200 3716
INFO 2026-02-26 02:39:14,579 basehttp 10692 9940 "GET /api/v1/novels/trending/ HTTP/1.1" 200 17009
INFO 2026-02-26 02:39:18,318 basehttp 10692 9940 "OPTIONS /api/v1/novels/genres/ HTTP/1.1" 200 0
INFO 2026-02-26 02:39:18,333 basehttp 10692 1512 "OPTIONS /api/v1/novels/popular/ HTTP/1.1" 200 0
INFO 2026-02-26 02:39:18,359 basehttp 10692 1512 "OPTIONS /api/v1/novels/ HTTP/1.1" 200 0
INFO 2026-02-26 02:39:18,417 basehttp 10692 9940 "GET /api/v1/novels/genres/ HTTP/1.1" 200 1584
INFO 2026-02-26 02:39:18,689 basehttp 10692 11892 "GET /api/v1/novels/ HTTP/1.1" 200 15932
INFO 2026-02-26 02:39:18,719 basehttp 10692 1512 "GET /api/v1/novels/popular/ HTTP/1.1" 200 15891
INFO 2026-02-26 02:39:22,219 basehttp 10692 1512 "OPTIONS /api/v1/novels/9c1a5de7-78f2-48a8-a99c-1b3174056902/ HTTP/1.1" 200 0
INFO 2026-02-26 02:39:22,386 basehttp 10692 1512 "GET /api/v1/novels/9c1a5de7-78f2-48a8-a99c-1b3174056902/ HTTP/1.1" 200 2370
INFO 2026-02-26 02:39:22,872 basehttp 10692 1512 "OPTIONS /api/v1/reading/bookmarks/?novel=9c1a5de7-78f2-48a8-a99c-1b3174056902 HTTP/1.1" 200 0
INFO 2026-02-26 02:39:22,899 basehttp 10692 1512 "GET /api/v1/reading/bookmarks/?novel=9c1a5de7-78f2-48a8-a99c-1b3174056902 HTTP/1.1" 200 52
INFO 2026-02-26 02:39:27,060 basehttp 10692 11892 "OPTIONS /api/v1/novels/9c1a5de7-78f2-48a8-a99c-1b3174056902/chapters/1/ HTTP/1.1" 200 0
INFO 2026-02-26 02:39:27,070 basehttp 10692 1512 "GET /api/v1/reading/bookmarks/?novel=9c1a5de7-78f2-48a8-a99c-1b3174056902 HTTP/1.1" 200 52
INFO 2026-02-26 02:39:27,081 basehttp 10692 11892 "GET /api/v1/novels/9c1a5de7-78f2-48a8-a99c-1b3174056902/chapters/1/ HTTP/1.1" 200 5623
INFO 2026-02-26 02:39:33,618 basehttp 10692 11892 "OPTIONS /api/v1/reading/bookmarks/ HTTP/1.1" 200 0
WARNING 2026-02-26 02:39:33,634 log 10692 11892 Bad Request: /api/v1/reading/bookmarks/
WARNING 2026-02-26 02:39:33,635 basehttp 10692 11892 "POST /api/v1/reading/bookmarks/ HTTP/1.1" 400 44
INFO 2026-02-26 02:40:32,237 autoreload 10692 10304 E:\Projects\Freelense assignment\Ebook flutter\backend\apps\reading\serializers.py changed, reloading.
INFO 2026-02-26 02:40:37,427 autoreload 11180 19328 Watching for file changes with StatReloader
WARNING 2026-02-26 02:40:45,163 log 11180 3160 Bad Request: /api/v1/reading/bookmarks/
WARNING 2026-02-26 02:40:45,163 basehttp 11180 3160 "POST /api/v1/reading/bookmarks/ HTTP/1.1" 400 44
WARNING 2026-02-26 02:40:51,320 log 11180 3160 Bad Request: /api/v1/reading/bookmarks/
WARNING 2026-02-26 02:40:51,322 basehttp 11180 3160 "POST /api/v1/reading/bookmarks/ HTTP/1.1" 400 44
INFO 2026-02-26 02:41:29,907 autoreload 11180 19328 E:\Projects\Freelense assignment\Ebook flutter\backend\apps\reading\serializers.py changed, reloading.
INFO 2026-02-26 02:41:33,462 autoreload 18336 11788 Watching for file changes with StatReloader
INFO 2026-02-26 02:41:37,415 autoreload 18336 11788 E:\Projects\Freelense assignment\Ebook flutter\backend\apps\reading\serializers.py changed, reloading.
INFO 2026-02-26 02:41:40,194 autoreload 6276 12808 Watching for file changes with StatReloader
WARNING 2026-02-26 02:41:49,342 log 6276 8384 Bad Request: /api/v1/reading/bookmarks/
WARNING 2026-02-26 02:41:49,342 basehttp 6276 8384 "POST /api/v1/reading/bookmarks/ HTTP/1.1" 400 59
INFO 2026-02-26 02:50:13,646 basehttp 6276 17888 "POST /api/v1/auth/login/ HTTP/1.1" 200 1089
INFO 2026-02-26 02:50:14,484 basehttp 6276 9180 "GET /api/v1/reading/progress/ HTTP/1.1" 200 3716
INFO 2026-02-26 02:50:14,517 basehttp 6276 9180 "GET /api/v1/surveys/active/ HTTP/1.1" 200 52
INFO 2026-02-26 02:50:15,134 basehttp 6276 9180 "GET /api/v1/novels/trending/ HTTP/1.1" 200 17009
INFO 2026-02-26 02:50:15,472 basehttp 6276 17888 "GET /api/v1/recommendations/ HTTP/1.1" 200 10012
INFO 2026-02-26 02:50:18,285 basehttp 6276 17888 "GET /api/v1/novels/genres/ HTTP/1.1" 200 1584
INFO 2026-02-26 02:50:18,566 basehttp 6276 7332 "GET /api/v1/novels/ HTTP/1.1" 200 15932
INFO 2026-02-26 02:50:18,583 basehttp 6276 9180 "GET /api/v1/novels/popular/ HTTP/1.1" 200 15891
INFO 2026-02-26 02:50:20,680 basehttp 6276 9180 "OPTIONS /api/v1/novels/f237ba03-4872-4d31-b83e-c98db71b9c11/ HTTP/1.1" 200 0
INFO 2026-02-26 02:50:20,833 basehttp 6276 9180 "GET /api/v1/novels/f237ba03-4872-4d31-b83e-c98db71b9c11/ HTTP/1.1" 200 2656
INFO 2026-02-26 02:50:21,268 basehttp 6276 9180 "OPTIONS /api/v1/reading/bookmarks/?novel=f237ba03-4872-4d31-b83e-c98db71b9c11 HTTP/1.1" 200 0
INFO 2026-02-26 02:50:21,285 basehttp 6276 9180 "GET /api/v1/reading/bookmarks/?novel=f237ba03-4872-4d31-b83e-c98db71b9c11 HTTP/1.1" 200 52
INFO 2026-02-26 02:50:26,687 basehttp 6276 7332 "OPTIONS /api/v1/novels/f237ba03-4872-4d31-b83e-c98db71b9c11/chapters/1/ HTTP/1.1" 200 0
INFO 2026-02-26 02:50:26,698 basehttp 6276 9180 "GET /api/v1/reading/bookmarks/?novel=f237ba03-4872-4d31-b83e-c98db71b9c11 HTTP/1.1" 200 52
INFO 2026-02-26 02:50:26,707 basehttp 6276 7332 "GET /api/v1/novels/f237ba03-4872-4d31-b83e-c98db71b9c11/chapters/1/ HTTP/1.1" 200 5613
INFO 2026-02-26 02:50:32,440 basehttp 6276 7332 "OPTIONS /api/v1/reading/progress/update/ HTTP/1.1" 200 0
INFO 2026-02-26 02:50:32,987 basehttp 6276 10824 "POST /api/v1/reading/progress/update/ HTTP/1.1" 200 1370
INFO 2026-02-26 02:50:33,282 basehttp 6276 2400 "POST /api/v1/reading/progress/update/ HTTP/1.1" 200 1369
INFO 2026-02-26 02:50:33,336 basehttp 6276 7332 "POST /api/v1/reading/progress/update/ HTTP/1.1" 200 1369
INFO 2026-02-26 02:50:33,747 basehttp 6276 17888 "POST /api/v1/reading/progress/update/ HTTP/1.1" 200 1370
INFO 2026-02-26 02:50:33,804 basehttp 6276 10824 "POST /api/v1/reading/progress/update/ HTTP/1.1" 200 1368
INFO 2026-02-26 02:50:33,817 basehttp 6276 9180 "POST /api/v1/reading/progress/update/ HTTP/1.1" 200 1370
INFO 2026-02-26 02:50:33,825 basehttp 6276 8144 "POST /api/v1/reading/progress/update/ HTTP/1.1" 200 1369
INFO 2026-02-26 02:50:34,423 basehttp 6276 7332 "POST /api/v1/reading/progress/update/ HTTP/1.1" 200 1369
INFO 2026-02-26 02:50:34,645 basehttp 6276 8144 "POST /api/v1/reading/progress/update/ HTTP/1.1" 200 1370
INFO 2026-02-26 02:50:34,920 basehttp 6276 7332 "POST /api/v1/reading/progress/update/ HTTP/1.1" 200 1369
INFO 2026-02-26 02:50:34,928 basehttp 6276 2400 "POST /api/v1/reading/progress/update/ HTTP/1.1" 200 1369
INFO 2026-02-26 02:50:35,156 basehttp 6276 8144 "POST /api/v1/reading/progress/update/ HTTP/1.1" 200 1370
INFO 2026-02-26 02:50:35,204 basehttp 6276 17888 "POST /api/v1/reading/progress/update/ HTTP/1.1" 200 1370
INFO 2026-02-26 02:50:35,204 basehttp 6276 10824 "POST /api/v1/reading/progress/update/ HTTP/1.1" 200 1369
INFO 2026-02-26 02:50:35,529 basehttp 6276 9180 "POST /api/v1/reading/progress/update/ HTTP/1.1" 200 1369
INFO 2026-02-26 02:50:35,581 basehttp 6276 2400 "POST /api/v1/reading/progress/update/ HTTP/1.1" 200 1368
INFO 2026-02-26 02:50:35,622 basehttp 6276 7332 "POST /api/v1/reading/progress/update/ HTTP/1.1" 200 1369
INFO 2026-02-26 02:50:35,635 basehttp 6276 8144 "POST /api/v1/reading/progress/update/ HTTP/1.1" 200 1355
ERROR 2026-02-26 02:50:36,779 log 6276 8144 Internal Server Error: /api/v1/reading/bookmarks/
Traceback (most recent call last):
  File "C:\Users\Fardeen Khan\AppData\Local\Programs\Python\Python311\Lib\site-packages\django\core\handlers\exception.py", line 55, in inner
    response = get_response(request)
               ^^^^^^^^^^^^^^^^^^^^^
  File "C:\Users\Fardeen Khan\AppData\Local\Programs\Python\Python311\Lib\site-packages\django\core\handlers\base.py", line 197, in _get_response
    response = wrapped_callback(request, *callback_args, **callback_kwargs)
               ^^^^^^^^^^^^^^^^^^^^^^^^^^^^^^^^^^^^^^^^^^^^^^^^^^^^^^^^^^^^
  File "C:\Users\Fardeen Khan\AppData\Local\Programs\Python\Python311\Lib\site-packages\django\views\decorators\csrf.py", line 56, in wrapper_view
    return view_func(*args, **kwargs)
           ^^^^^^^^^^^^^^^^^^^^^^^^^^
  File "C:\Users\Fardeen Khan\AppData\Local\Programs\Python\Python311\Lib\site-packages\django\views\generic\base.py", line 104, in view
    return self.dispatch(request, *args, **kwargs)
           ^^^^^^^^^^^^^^^^^^^^^^^^^^^^^^^^^^^^^^^
  File "C:\Users\Fardeen Khan\AppData\Local\Programs\Python\Python311\Lib\site-packages\rest_framework\views.py", line 509, in dispatch
    response = self.handle_exception(exc)
               ^^^^^^^^^^^^^^^^^^^^^^^^^^
  File "C:\Users\Fardeen Khan\AppData\Local\Programs\Python\Python311\Lib\site-packages\rest_framework\views.py", line 469, in handle_exception
    self.raise_uncaught_exception(exc)
  File "C:\Users\Fardeen Khan\AppData\Local\Programs\Python\Python311\Lib\site-packages\rest_framework\views.py", line 480, in raise_uncaught_exception
    raise exc
  File "C:\Users\Fardeen Khan\AppData\Local\Programs\Python\Python311\Lib\site-packages\rest_framework\views.py", line 506, in dispatch
    response = handler(request, *args, **kwargs)
               ^^^^^^^^^^^^^^^^^^^^^^^^^^^^^^^^^
  File "C:\Users\Fardeen Khan\AppData\Local\Programs\Python\Python311\Lib\site-packages\rest_framework\generics.py", line 242, in post
    return self.create(request, *args, **kwargs)
           ^^^^^^^^^^^^^^^^^^^^^^^^^^^^^^^^^^^^^
  File "C:\Users\Fardeen Khan\AppData\Local\Programs\Python\Python311\Lib\site-packages\rest_framework\mixins.py", line 19, in create
    self.perform_create(serializer)
  File "E:\Projects\Freelense assignment\Ebook flutter\backend\apps\reading\views.py", line 143, in perform_create
    serializer.save(user=self.request.user)
  File "C:\Users\Fardeen Khan\AppData\Local\Programs\Python\Python311\Lib\site-packages\rest_framework\serializers.py", line 212, in save
    self.instance = self.create(validated_data)
                    ^^^^^^^^^^^^^^^^^^^^^^^^^^^
  File "C:\Users\Fardeen Khan\AppData\Local\Programs\Python\Python311\Lib\site-packages\rest_framework\serializers.py", line 962, in create
    instance = ModelClass._default_manager.create(**validated_data)
               ^^^^^^^^^^^^^^^^^^^^^^^^^^^^^^^^^^^^^^^^^^^^^^^^^^^^
  File "C:\Users\Fardeen Khan\AppData\Local\Programs\Python\Python311\Lib\site-packages\django\db\models\manager.py", line 87, in manager_method
    return getattr(self.get_queryset(), name)(*args, **kwargs)
           ^^^^^^^^^^^^^^^^^^^^^^^^^^^^^^^^^^^^^^^^^^^^^^^^^^^
  File "C:\Users\Fardeen Khan\AppData\Local\Programs\Python\Python311\Lib\site-packages\django\db\models\query.py", line 656, in create
    obj = self.model(**kwargs)
          ^^^^^^^^^^^^^^^^^^^^
  File "C:\Users\Fardeen Khan\AppData\Local\Programs\Python\Python311\Lib\site-packages\django\db\models\base.py", line 543, in __init__
    _setattr(self, field.name, rel_obj)
  File "C:\Users\Fardeen Khan\AppData\Local\Programs\Python\Python311\Lib\site-packages\django\db\models\fields\related_descriptors.py", line 266, in __set__
    raise ValueError(
ValueError: Cannot assign "UUID('58229605-eef8-46b5-82d8-d8cbd9326060')": "Bookmark.chapter" must be a "Chapter" instance.
ERROR 2026-02-26 02:50:36,795 basehttp 6276 8144 "POST /api/v1/reading/bookmarks/ HTTP/1.1" 500 25546
INFO 2026-02-26 02:51:21,097 autoreload 6276 12808 E:\Projects\Freelense assignment\Ebook flutter\backend\apps\reading\serializers.py changed, reloading.
INFO 2026-02-26 02:51:24,086 autoreload 14004 11328 Watching for file changes with StatReloader
INFO 2026-02-26 02:51:33,818 autoreload 14004 11328 E:\Projects\Freelense assignment\Ebook flutter\backend\apps\reading\serializers.py changed, reloading.
INFO 2026-02-26 02:51:36,947 autoreload 17492 17224 Watching for file changes with StatReloader
INFO 2026-02-26 02:51:46,573 basehttp 17492 2992 "POST /api/v1/reading/bookmarks/ HTTP/1.1" 201 237
INFO 2026-02-26 02:51:52,110 basehttp 17492 11772 "GET /api/v1/reading/bookmarks/?novel=f237ba03-4872-4d31-b83e-c98db71b9c11 HTTP/1.1" 200 289
INFO 2026-02-26 02:51:52,381 basehttp 17492 2992 "POST /api/v1/reading/progress/update/ HTTP/1.1" 200 1355
INFO 2026-02-26 02:52:05,956 basehttp 17492 11772 "OPTIONS /api/v1/novels/9c1a5de7-78f2-48a8-a99c-1b3174056902/chapters/51446148-119b-4dbc-8ec1-01a9ce173d9a/ HTTP/1.1" 200 0
WARNING 2026-02-26 02:52:06,014 log 17492 11772 Not Found: /api/v1/novels/9c1a5de7-78f2-48a8-a99c-1b3174056902/chapters/51446148-119b-4dbc-8ec1-01a9ce173d9a/
WARNING 2026-02-26 02:52:06,015 basehttp 17492 11772 "GET /api/v1/novels/9c1a5de7-78f2-48a8-a99c-1b3174056902/chapters/51446148-119b-4dbc-8ec1-01a9ce173d9a/ HTTP/1.1" 404 7324
INFO 2026-02-26 02:52:06,096 basehttp 17492 2992 "GET /api/v1/novels/9c1a5de7-78f2-48a8-a99c-1b3174056902/ HTTP/1.1" 200 2370
INFO 2026-02-26 02:52:06,569 basehttp 17492 2992 "GET /api/v1/reading/bookmarks/?novel=9c1a5de7-78f2-48a8-a99c-1b3174056902 HTTP/1.1" 200 52
INFO 2026-02-26 02:52:08,837 basehttp 17492 11772 "GET /api/v1/reading/bookmarks/?novel=9c1a5de7-78f2-48a8-a99c-1b3174056902 HTTP/1.1" 200 52
INFO 2026-02-26 02:52:08,932 basehttp 17492 2992 "POST /api/v1/reading/progress/update/ HTTP/1.1" 200 1069
INFO 2026-02-26 02:52:11,481 basehttp 17492 2992 "OPTIONS /api/v1/novels/26b9fd3a-3e44-4dd4-90aa-10944302e172/ HTTP/1.1" 200 0
INFO 2026-02-26 02:52:11,484 basehttp 17492 2992 "OPTIONS /api/v1/novels/26b9fd3a-3e44-4dd4-90aa-10944302e172/chapters/beb924ac-bc13-47c2-ad45-827319f816e0/ HTTP/1.1" 200 0
WARNING 2026-02-26 02:52:11,518 log 17492 11772 Not Found: /api/v1/novels/26b9fd3a-3e44-4dd4-90aa-10944302e172/chapters/beb924ac-bc13-47c2-ad45-827319f816e0/
WARNING 2026-02-26 02:52:11,521 basehttp 17492 11772 "GET /api/v1/novels/26b9fd3a-3e44-4dd4-90aa-10944302e172/chapters/beb924ac-bc13-47c2-ad45-827319f816e0/ HTTP/1.1" 404 7324
INFO 2026-02-26 02:52:11,675 basehttp 17492 2992 "GET /api/v1/novels/26b9fd3a-3e44-4dd4-90aa-10944302e172/ HTTP/1.1" 200 2501
INFO 2026-02-26 02:52:12,014 basehttp 17492 2992 "OPTIONS /api/v1/reading/bookmarks/?novel=26b9fd3a-3e44-4dd4-90aa-10944302e172 HTTP/1.1" 200 0
INFO 2026-02-26 02:52:12,030 basehttp 17492 2992 "GET /api/v1/reading/bookmarks/?novel=26b9fd3a-3e44-4dd4-90aa-10944302e172 HTTP/1.1" 200 52
INFO 2026-02-26 02:54:18,434 basehttp 17492 2992 "OPTIONS /api/v1/auth/register/ HTTP/1.1" 200 0
WARNING 2026-02-26 02:54:18,610 log 17492 2992 Bad Request: /api/v1/auth/register/
WARNING 2026-02-26 02:54:18,613 basehttp 17492 2992 "POST /api/v1/auth/register/ HTTP/1.1" 400 129
INFO 2026-02-26 02:54:50,692 basehttp 17492 2992 "POST /api/v1/auth/login/ HTTP/1.1" 200 1089
INFO 2026-02-26 02:54:51,527 basehttp 17492 11772 "GET /api/v1/reading/progress/ HTTP/1.1" 200 5072
INFO 2026-02-26 02:54:51,794 basehttp 17492 17084 "GET /api/v1/surveys/active/ HTTP/1.1" 200 52
INFO 2026-02-26 02:54:52,085 basehttp 17492 2992 "GET /api/v1/recommendations/ HTTP/1.1" 200 10012
INFO 2026-02-26 02:54:52,095 basehttp 17492 14872 "GET /api/v1/novels/trending/ HTTP/1.1" 200 17009
INFO 2026-02-26 02:58:08,274 basehttp 17492 14872 "POST /api/v1/auth/login/ HTTP/1.1" 200 1089
INFO 2026-02-26 02:58:09,162 basehttp 17492 17084 "GET /api/v1/surveys/active/ HTTP/1.1" 200 52
INFO 2026-02-26 02:58:09,266 basehttp 17492 2992 "GET /api/v1/reading/progress/ HTTP/1.1" 200 5072
INFO 2026-02-26 02:58:09,466 basehttp 17492 11772 "GET /api/v1/novels/trending/ HTTP/1.1" 200 17009
INFO 2026-02-26 02:58:09,616 basehttp 17492 14872 "GET /api/v1/recommendations/ HTTP/1.1" 200 10012
INFO 2026-02-26 03:02:58,714 basehttp 17492 14872 "POST /api/v1/auth/login/ HTTP/1.1" 200 1089
INFO 2026-02-26 03:02:59,428 basehttp 17492 2992 "GET /api/v1/surveys/active/ HTTP/1.1" 200 52
INFO 2026-02-26 03:02:59,527 basehttp 17492 11772 "GET /api/v1/reading/progress/ HTTP/1.1" 200 5072
INFO 2026-02-26 03:02:59,660 basehttp 17492 14872 "GET /api/v1/recommendations/ HTTP/1.1" 200 10012
INFO 2026-02-26 03:03:00,028 basehttp 17492 17084 "GET /api/v1/novels/trending/ HTTP/1.1" 200 17009
INFO 2026-02-26 03:03:08,731 basehttp 17492 17084 "OPTIONS /api/v1/reading/bookmarks/?novel= HTTP/1.1" 200 0
INFO 2026-02-26 03:03:08,747 basehttp 17492 17084 "GET /api/v1/reading/bookmarks/?novel= HTTP/1.1" 200 289
INFO 2026-02-26 03:06:54,910 basehttp 17492 17084 "POST /api/v1/auth/login/ HTTP/1.1" 200 1089
INFO 2026-02-26 03:06:55,620 basehttp 17492 11772 "GET /api/v1/surveys/active/ HTTP/1.1" 200 52
INFO 2026-02-26 03:06:55,783 basehttp 17492 14872 "GET /api/v1/reading/progress/ HTTP/1.1" 200 5072
INFO 2026-02-26 03:06:55,916 basehttp 17492 2992 "GET /api/v1/novels/trending/ HTTP/1.1" 200 17009
INFO 2026-02-26 03:06:56,022 basehttp 17492 17084 "GET /api/v1/recommendations/ HTTP/1.1" 200 10012
INFO 2026-02-26 03:07:03,182 basehttp 17492 17084 "GET /api/v1/reading/bookmarks/?novel= HTTP/1.1" 200 289
WARNING 2026-02-26 03:07:06,898 log 17492 2992 Not Found: /api/v1/novels/9c1a5de7-78f2-48a8-a99c-1b3174056902/chapters/51446148-119b-4dbc-8ec1-01a9ce173d9a/
WARNING 2026-02-26 03:07:06,899 basehttp 17492 2992 "GET /api/v1/novels/9c1a5de7-78f2-48a8-a99c-1b3174056902/chapters/51446148-119b-4dbc-8ec1-01a9ce173d9a/ HTTP/1.1" 404 7324
INFO 2026-02-26 03:07:06,989 basehttp 17492 17084 "GET /api/v1/novels/9c1a5de7-78f2-48a8-a99c-1b3174056902/ HTTP/1.1" 200 2370
INFO 2026-02-26 03:07:07,677 basehttp 17492 17084 "GET /api/v1/reading/bookmarks/?novel=9c1a5de7-78f2-48a8-a99c-1b3174056902 HTTP/1.1" 200 52
INFO 2026-02-26 03:07:09,234 basehttp 17492 2992 "GET /api/v1/reading/bookmarks/?novel=9c1a5de7-78f2-48a8-a99c-1b3174056902 HTTP/1.1" 200 52
INFO 2026-02-26 03:07:09,434 basehttp 17492 17084 "POST /api/v1/reading/progress/update/ HTTP/1.1" 200 1069
INFO 2026-02-26 03:07:13,586 basehttp 17492 17084 "GET /api/v1/novels/genres/ HTTP/1.1" 200 1584
INFO 2026-02-26 03:07:13,779 basehttp 17492 14872 "GET /api/v1/novels/ HTTP/1.1" 200 15932
INFO 2026-02-26 03:07:13,802 basehttp 17492 2992 "GET /api/v1/novels/popular/ HTTP/1.1" 200 15891
INFO 2026-02-26 03:07:25,714 basehttp 17492 2992 "OPTIONS /api/v1/novels/?genre=afa49180-6679-4348-8913-eac197122a88 HTTP/1.1" 200 0
INFO 2026-02-26 03:07:25,798 basehttp 17492 2992 "GET /api/v1/novels/?genre=afa49180-6679-4348-8913-eac197122a88 HTTP/1.1" 200 6482
INFO 2026-02-26 03:14:42,171 basehttp 17492 9168 "POST /api/v1/auth/register/ HTTP/1.1" 201 64
INFO 2026-02-26 03:15:01,857 basehttp 17492 9168 "POST /api/v1/auth/login/ HTTP/1.1" 200 1083
INFO 2026-02-26 03:15:02,643 basehttp 17492 15964 "GET /api/v1/reading/progress/ HTTP/1.1" 200 52
INFO 2026-02-26 03:15:03,559 basehttp 17492 9168 "GET /api/v1/recommendations/ HTTP/1.1" 200 10012
INFO 2026-02-26 03:15:03,560 basehttp 17492 16588 "GET /api/v1/surveys/active/ HTTP/1.1" 200 52
INFO 2026-02-26 03:15:04,313 basehttp 17492 16908 "GET /api/v1/novels/trending/ HTTP/1.1" 200 17009
INFO 2026-02-26 03:15:08,599 basehttp 17492 16908 "GET /api/v1/novels/genres/ HTTP/1.1" 200 1584
INFO 2026-02-26 03:15:08,893 basehttp 17492 16588 "GET /api/v1/novels/ HTTP/1.1" 200 15932
INFO 2026-02-26 03:15:08,930 basehttp 17492 9168 "GET /api/v1/novels/popular/ HTTP/1.1" 200 15891
INFO 2026-02-26 03:15:11,106 basehttp 17492 9168 "GET /api/v1/novels/9c1a5de7-78f2-48a8-a99c-1b3174056902/ HTTP/1.1" 200 2370
INFO 2026-02-26 03:15:11,550 basehttp 17492 9168 "GET /api/v1/reading/bookmarks/?novel=9c1a5de7-78f2-48a8-a99c-1b3174056902 HTTP/1.1" 200 52
INFO 2026-02-26 03:15:21,616 basehttp 17492 9168 "OPTIONS /api/v1/novels/9c1a5de7-78f2-48a8-a99c-1b3174056902/favorite/ HTTP/1.1" 200 0
INFO 2026-02-26 03:15:21,897 basehttp 17492 9168 "POST /api/v1/novels/9c1a5de7-78f2-48a8-a99c-1b3174056902/favorite/ HTTP/1.1" 201 49
INFO 2026-02-26 03:15:22,601 basehttp 17492 9168 "GET /api/v1/reading/bookmarks/?novel=9c1a5de7-78f2-48a8-a99c-1b3174056902 HTTP/1.1" 200 52
INFO 2026-02-26 03:15:22,847 basehttp 17492 16588 "GET /api/v1/novels/9c1a5de7-78f2-48a8-a99c-1b3174056902/ HTTP/1.1" 200 2369
INFO 2026-02-26 03:15:22,929 basehttp 17492 16908 "GET /api/v1/novels/ HTTP/1.1" 200 15931
INFO 2026-02-26 03:15:23,047 basehttp 17492 16908 "GET /api/v1/reading/bookmarks/?novel=9c1a5de7-78f2-48a8-a99c-1b3174056902 HTTP/1.1" 200 52
INFO 2026-02-26 03:15:28,906 basehttp 17492 16908 "OPTIONS /api/v1/novels/9c1a5de7-78f2-48a8-a99c-1b3174056902/download/ HTTP/1.1" 200 0
WARNING 2026-02-26 03:15:28,935 log 17492 16908 Not Found: /api/v1/novels/9c1a5de7-78f2-48a8-a99c-1b3174056902/download/
WARNING 2026-02-26 03:15:28,936 basehttp 17492 16908 "GET /api/v1/novels/9c1a5de7-78f2-48a8-a99c-1b3174056902/download/ HTTP/1.1" 404 30
WARNING 2026-02-26 03:15:34,244 log 17492 16908 Not Found: /api/v1/novels/9c1a5de7-78f2-48a8-a99c-1b3174056902/chapters/51446148-119b-4dbc-8ec1-01a9ce173d9a/
WARNING 2026-02-26 03:15:34,245 basehttp 17492 16908 "GET /api/v1/novels/9c1a5de7-78f2-48a8-a99c-1b3174056902/chapters/51446148-119b-4dbc-8ec1-01a9ce173d9a/ HTTP/1.1" 404 7324
INFO 2026-02-26 03:15:34,335 basehttp 17492 16908 "OPTIONS /api/v1/novels/9c1a5de7-78f2-48a8-a99c-1b3174056902/chapters/2d3d4fdd-e66b-4416-9012-412f7417be92/ HTTP/1.1" 200 0
WARNING 2026-02-26 03:15:34,370 log 17492 16908 Not Found: /api/v1/novels/9c1a5de7-78f2-48a8-a99c-1b3174056902/chapters/2d3d4fdd-e66b-4416-9012-412f7417be92/
WARNING 2026-02-26 03:15:34,371 basehttp 17492 16908 "GET /api/v1/novels/9c1a5de7-78f2-48a8-a99c-1b3174056902/chapters/2d3d4fdd-e66b-4416-9012-412f7417be92/ HTTP/1.1" 404 7324
INFO 2026-02-26 03:15:34,387 basehttp 17492 16908 "OPTIONS /api/v1/novels/9c1a5de7-78f2-48a8-a99c-1b3174056902/chapters/79e8cbc8-1de3-4c3b-bd76-8744992a912e/ HTTP/1.1" 200 0
WARNING 2026-02-26 03:15:34,410 log 17492 16908 Not Found: /api/v1/novels/9c1a5de7-78f2-48a8-a99c-1b3174056902/chapters/79e8cbc8-1de3-4c3b-bd76-8744992a912e/
WARNING 2026-02-26 03:15:34,415 basehttp 17492 16908 "GET /api/v1/novels/9c1a5de7-78f2-48a8-a99c-1b3174056902/chapters/79e8cbc8-1de3-4c3b-bd76-8744992a912e/ HTTP/1.1" 404 7324
INFO 2026-02-26 03:15:34,430 basehttp 17492 16908 "OPTIONS /api/v1/novels/9c1a5de7-78f2-48a8-a99c-1b3174056902/chapters/fc0d1c21-263d-4fe2-aa5e-d473495861eb/ HTTP/1.1" 200 0
WARNING 2026-02-26 03:15:34,446 log 17492 16908 Not Found: /api/v1/novels/9c1a5de7-78f2-48a8-a99c-1b3174056902/chapters/fc0d1c21-263d-4fe2-aa5e-d473495861eb/
WARNING 2026-02-26 03:15:34,450 basehttp 17492 16908 "GET /api/v1/novels/9c1a5de7-78f2-48a8-a99c-1b3174056902/chapters/fc0d1c21-263d-4fe2-aa5e-d473495861eb/ HTTP/1.1" 404 7324
INFO 2026-02-26 03:15:34,467 basehttp 17492 16908 "OPTIONS /api/v1/novels/9c1a5de7-78f2-48a8-a99c-1b3174056902/chapters/c7e15fc3-a4db-4da9-9508-ca9b55905f40/ HTTP/1.1" 200 0
WARNING 2026-02-26 03:15:34,495 log 17492 16908 Not Found: /api/v1/novels/9c1a5de7-78f2-48a8-a99c-1b3174056902/chapters/c7e15fc3-a4db-4da9-9508-ca9b55905f40/
WARNING 2026-02-26 03:15:34,498 basehttp 17492 16908 "GET /api/v1/novels/9c1a5de7-78f2-48a8-a99c-1b3174056902/chapters/c7e15fc3-a4db-4da9-9508-ca9b55905f40/ HTTP/1.1" 404 7324
INFO 2026-02-26 03:15:34,512 basehttp 17492 16908 "OPTIONS /api/v1/novels/9c1a5de7-78f2-48a8-a99c-1b3174056902/chapters/2d6f3e75-bcdf-4f57-a6f4-21e61149cea5/ HTTP/1.1" 200 0
WARNING 2026-02-26 03:15:34,541 log 17492 16908 Not Found: /api/v1/novels/9c1a5de7-78f2-48a8-a99c-1b3174056902/chapters/2d6f3e75-bcdf-4f57-a6f4-21e61149cea5/
WARNING 2026-02-26 03:15:34,542 basehttp 17492 16908 "GET /api/v1/novels/9c1a5de7-78f2-48a8-a99c-1b3174056902/chapters/2d6f3e75-bcdf-4f57-a6f4-21e61149cea5/ HTTP/1.1" 404 7324
INFO 2026-02-26 03:15:34,568 basehttp 17492 16908 "OPTIONS /api/v1/novels/9c1a5de7-78f2-48a8-a99c-1b3174056902/chapters/97b43ce1-2cad-434b-9b60-eacc19ebd319/ HTTP/1.1" 200 0
WARNING 2026-02-26 03:15:34,593 log 17492 16908 Not Found: /api/v1/novels/9c1a5de7-78f2-48a8-a99c-1b3174056902/chapters/97b43ce1-2cad-434b-9b60-eacc19ebd319/
WARNING 2026-02-26 03:15:34,594 basehttp 17492 16908 "GET /api/v1/novels/9c1a5de7-78f2-48a8-a99c-1b3174056902/chapters/97b43ce1-2cad-434b-9b60-eacc19ebd319/ HTTP/1.1" 404 7324
INFO 2026-02-26 03:15:34,613 basehttp 17492 16908 "OPTIONS /api/v1/novels/9c1a5de7-78f2-48a8-a99c-1b3174056902/chapters/9b1115da-2d68-486f-bfc5-c4eb3372cfd1/ HTTP/1.1" 200 0
WARNING 2026-02-26 03:15:34,653 log 17492 16908 Not Found: /api/v1/novels/9c1a5de7-78f2-48a8-a99c-1b3174056902/chapters/9b1115da-2d68-486f-bfc5-c4eb3372cfd1/
WARNING 2026-02-26 03:15:34,654 basehttp 17492 16908 "GET /api/v1/novels/9c1a5de7-78f2-48a8-a99c-1b3174056902/chapters/9b1115da-2d68-486f-bfc5-c4eb3372cfd1/ HTTP/1.1" 404 7324
INFO 2026-02-26 03:15:34,673 basehttp 17492 16908 "OPTIONS /api/v1/novels/9c1a5de7-78f2-48a8-a99c-1b3174056902/chapters/82159060-d1bb-4f4b-86b0-0a5b5a64f600/ HTTP/1.1" 200 0
WARNING 2026-02-26 03:15:34,702 log 17492 16908 Not Found: /api/v1/novels/9c1a5de7-78f2-48a8-a99c-1b3174056902/chapters/82159060-d1bb-4f4b-86b0-0a5b5a64f600/
WARNING 2026-02-26 03:15:34,703 basehttp 17492 16908 "GET /api/v1/novels/9c1a5de7-78f2-48a8-a99c-1b3174056902/chapters/82159060-d1bb-4f4b-86b0-0a5b5a64f600/ HTTP/1.1" 404 7324
INFO 2026-02-26 03:15:34,717 basehttp 17492 16908 "OPTIONS /api/v1/novels/9c1a5de7-78f2-48a8-a99c-1b3174056902/chapters/450845f8-cbe6-402a-a071-6cde367f88d0/ HTTP/1.1" 200 0
WARNING 2026-02-26 03:15:34,750 log 17492 16908 Not Found: /api/v1/novels/9c1a5de7-78f2-48a8-a99c-1b3174056902/chapters/450845f8-cbe6-402a-a071-6cde367f88d0/
WARNING 2026-02-26 03:15:34,751 basehttp 17492 16908 "GET /api/v1/novels/9c1a5de7-78f2-48a8-a99c-1b3174056902/chapters/450845f8-cbe6-402a-a071-6cde367f88d0/ HTTP/1.1" 404 7324
INFO 2026-02-26 03:15:46,556 basehttp 17492 16908 "GET /api/v1/reading/bookmarks/?novel=9c1a5de7-78f2-48a8-a99c-1b3174056902 HTTP/1.1" 200 52
INFO 2026-02-26 03:15:46,571 basehttp 17492 16588 "GET /api/v1/novels/9c1a5de7-78f2-48a8-a99c-1b3174056902/chapters/1/ HTTP/1.1" 200 5623
INFO 2026-02-26 03:15:49,322 basehttp 17492 16588 "POST /api/v1/reading/bookmarks/ HTTP/1.1" 201 237
INFO 2026-02-26 03:15:52,446 basehttp 17492 16908 "GET /api/v1/reading/bookmarks/?novel=9c1a5de7-78f2-48a8-a99c-1b3174056902 HTTP/1.1" 200 289
INFO 2026-02-26 03:15:52,822 basehttp 17492 16588 "POST /api/v1/reading/progress/update/ HTTP/1.1" 200 1069
INFO 2026-02-26 03:16:32,373 basehttp 17492 16588 "POST /api/v1/auth/login/ HTTP/1.1" 200 1083
INFO 2026-02-26 03:16:33,850 basehttp 17492 9168 "GET /api/v1/surveys/active/ HTTP/1.1" 200 52
INFO 2026-02-26 03:16:34,607 basehttp 17492 16908 "GET /api/v1/reading/progress/ HTTP/1.1" 200 1120
INFO 2026-02-26 03:16:34,851 basehttp 17492 16588 "GET /api/v1/recommendations/ HTTP/1.1" 200 10012
INFO 2026-02-26 03:16:34,948 basehttp 17492 15964 "GET /api/v1/novels/trending/ HTTP/1.1" 200 17008
INFO 2026-02-26 03:22:17,218 basehttp 17492 15120 "POST /api/v1/auth/login/ HTTP/1.1" 200 1083
INFO 2026-02-26 03:22:17,938 basehttp 17492 10744 "GET /api/v1/reading/progress/ HTTP/1.1" 200 1120
INFO 2026-02-26 03:22:18,004 basehttp 17492 10744 "GET /api/v1/surveys/active/ HTTP/1.1" 200 52
INFO 2026-02-26 03:22:18,415 basehttp 17492 15120 "GET /api/v1/recommendations/ HTTP/1.1" 200 10012
INFO 2026-02-26 03:22:18,815 basehttp 17492 10744 "GET /api/v1/novels/trending/ HTTP/1.1" 200 17008
INFO 2026-02-26 03:22:32,900 basehttp 17492 10744 "GET /api/v1/novels/genres/ HTTP/1.1" 200 1584
INFO 2026-02-26 03:22:33,204 basehttp 17492 5856 "GET /api/v1/novels/ HTTP/1.1" 200 15931
INFO 2026-02-26 03:22:33,221 basehttp 17492 15120 "GET /api/v1/novels/popular/ HTTP/1.1" 200 15890
INFO 2026-02-26 03:22:37,089 basehttp 17492 15120 "OPTIONS /api/v1/novels/99e8ded9-237a-48a2-9b6a-46ecba0785e7/ HTTP/1.1" 200 0
INFO 2026-02-26 03:22:37,246 basehttp 17492 15120 "GET /api/v1/novels/99e8ded9-237a-48a2-9b6a-46ecba0785e7/ HTTP/1.1" 200 2661
INFO 2026-02-26 03:22:37,856 basehttp 17492 15120 "OPTIONS /api/v1/reading/bookmarks/?novel=99e8ded9-237a-48a2-9b6a-46ecba0785e7 HTTP/1.1" 200 0
INFO 2026-02-26 03:22:37,871 basehttp 17492 15120 "GET /api/v1/reading/bookmarks/?novel=99e8ded9-237a-48a2-9b6a-46ecba0785e7 HTTP/1.1" 200 52
INFO 2026-02-26 03:22:41,328 basehttp 17492 5856 "OPTIONS /api/v1/novels/99e8ded9-237a-48a2-9b6a-46ecba0785e7/chapters/1/ HTTP/1.1" 200 0
INFO 2026-02-26 03:22:41,332 basehttp 17492 15120 "GET /api/v1/reading/bookmarks/?novel=99e8ded9-237a-48a2-9b6a-46ecba0785e7 HTTP/1.1" 200 52
INFO 2026-02-26 03:22:41,357 basehttp 17492 5856 "GET /api/v1/novels/99e8ded9-237a-48a2-9b6a-46ecba0785e7/chapters/1/ HTTP/1.1" 200 3083
INFO 2026-02-26 03:22:45,184 basehttp 17492 5856 "POST /api/v1/reading/bookmarks/ HTTP/1.1" 201 237
INFO 2026-02-26 03:22:48,741 basehttp 17492 15120 "GET /api/v1/reading/bookmarks/?novel=99e8ded9-237a-48a2-9b6a-46ecba0785e7 HTTP/1.1" 200 289
INFO 2026-02-26 03:22:48,748 basehttp 17492 5856 "POST /api/v1/reading/progress/update/ HTTP/1.1" 200 1360
INFO 2026-02-26 03:24:44,440 basehttp 17492 5856 "POST /api/v1/auth/login/ HTTP/1.1" 200 1083
INFO 2026-02-26 03:24:45,039 basehttp 17492 10744 "GET /api/v1/surveys/active/ HTTP/1.1" 200 52
INFO 2026-02-26 03:24:45,096 basehttp 17492 15120 "GET /api/v1/reading/progress/ HTTP/1.1" 200 2481
INFO 2026-02-26 03:24:45,482 basehttp 17492 10744 "GET /api/v1/novels/trending/ HTTP/1.1" 200 17008
INFO 2026-02-26 03:24:45,569 basehttp 17492 5856 "GET /api/v1/recommendations/ HTTP/1.1" 200 10012
INFO 2026-02-26 03:28:49,601 basehttp 17492 5856 "GET /api/v1/novels/genres/ HTTP/1.1" 200 1584
INFO 2026-02-26 03:28:49,998 basehttp 17492 10744 "GET /api/v1/novels/popular/ HTTP/1.1" 200 15890
INFO 2026-02-26 03:28:50,008 basehttp 17492 15120 "GET /api/v1/novels/ HTTP/1.1" 200 15931
INFO 2026-02-26 03:28:51,517 basehttp 17492 15120 "OPTIONS /api/v1/novels/d0495929-2b20-44f9-92e3-0eb65c4c480b/ HTTP/1.1" 200 0
INFO 2026-02-26 03:28:51,763 basehttp 17492 15120 "GET /api/v1/novels/d0495929-2b20-44f9-92e3-0eb65c4c480b/ HTTP/1.1" 200 2358
INFO 2026-02-26 03:28:52,326 basehttp 17492 15120 "OPTIONS /api/v1/reading/bookmarks/?novel=d0495929-2b20-44f9-92e3-0eb65c4c480b HTTP/1.1" 200 0
INFO 2026-02-26 03:28:52,342 basehttp 17492 15120 "GET /api/v1/reading/bookmarks/?novel=d0495929-2b20-44f9-92e3-0eb65c4c480b HTTP/1.1" 200 52
INFO 2026-02-26 03:28:55,612 basehttp 17492 10744 "OPTIONS /api/v1/novels/d0495929-2b20-44f9-92e3-0eb65c4c480b/chapters/1/ HTTP/1.1" 200 0
INFO 2026-02-26 03:28:55,623 basehttp 17492 15120 "GET /api/v1/reading/bookmarks/?novel=d0495929-2b20-44f9-92e3-0eb65c4c480b HTTP/1.1" 200 52
INFO 2026-02-26 03:28:55,640 basehttp 17492 10744 "GET /api/v1/novels/d0495929-2b20-44f9-92e3-0eb65c4c480b/chapters/1/ HTTP/1.1" 200 5613
INFO 2026-02-26 03:28:59,986 basehttp 17492 15120 "GET /api/v1/reading/bookmarks/?novel=d0495929-2b20-44f9-92e3-0eb65c4c480b HTTP/1.1" 200 52
INFO 2026-02-26 03:29:00,802 basehttp 17492 10744 "POST /api/v1/reading/progress/update/ HTTP/1.1" 200 1057
INFO 2026-02-26 03:29:28,164 basehttp 17492 10744 "GET /api/v1/reading/bookmarks/?novel= HTTP/1.1" 200 527
INFO 2026-02-26 03:31:45,211 basehttp 17492 10744 "POST /api/v1/auth/login/ HTTP/1.1" 200 1083
INFO 2026-02-26 03:31:45,769 basehttp 17492 5856 "GET /api/v1/surveys/active/ HTTP/1.1" 200 52
INFO 2026-02-26 03:31:45,824 basehttp 17492 15120 "GET /api/v1/reading/progress/ HTTP/1.1" 200 3539
INFO 2026-02-26 03:31:46,303 basehttp 17492 10744 "GET /api/v1/recommendations/ HTTP/1.1" 200 10012
INFO 2026-02-26 03:31:46,517 basehttp 17492 5856 "GET /api/v1/novels/trending/ HTTP/1.1" 200 17008
INFO 2026-02-26 03:31:49,107 basehttp 17492 5856 "GET /api/v1/novels/genres/ HTTP/1.1" 200 1584
INFO 2026-02-26 03:31:49,954 basehttp 17492 15120 "GET /api/v1/novels/ HTTP/1.1" 200 15931
INFO 2026-02-26 03:31:50,051 basehttp 17492 10744 "GET /api/v1/novels/popular/ HTTP/1.1" 200 15890
INFO 2026-02-26 03:31:54,652 basehttp 17492 10744 "GET /api/v1/novels/d0495929-2b20-44f9-92e3-0eb65c4c480b/ HTTP/1.1" 200 2358
INFO 2026-02-26 03:31:55,268 basehttp 17492 10744 "GET /api/v1/reading/bookmarks/?novel=d0495929-2b20-44f9-92e3-0eb65c4c480b HTTP/1.1" 200 52
INFO 2026-02-26 03:31:58,679 basehttp 17492 10744 "GET /api/v1/reading/bookmarks/?novel=d0495929-2b20-44f9-92e3-0eb65c4c480b HTTP/1.1" 200 52
INFO 2026-02-26 03:31:58,691 basehttp 17492 15120 "GET /api/v1/novels/d0495929-2b20-44f9-92e3-0eb65c4c480b/chapters/1/ HTTP/1.1" 200 5613
INFO 2026-02-26 03:32:01,671 basehttp 17492 10744 "GET /api/v1/reading/bookmarks/?novel=d0495929-2b20-44f9-92e3-0eb65c4c480b HTTP/1.1" 200 52
INFO 2026-02-26 03:32:01,852 basehttp 17492 15120 "POST /api/v1/reading/progress/update/ HTTP/1.1" 200 1057
INFO 2026-02-26 03:32:12,989 basehttp 17492 15120 "GET /api/v1/reading/progress/ HTTP/1.1" 200 3539
INFO 2026-02-26 03:52:04,430 autoreload 17492 17224 E:\Projects\Freelense assignment\Ebook flutter\backend\novel_reading_api\settings.py changed, reloading.
INFO 2026-02-26 03:52:10,616 autoreload 15552 14652 Watching for file changes with StatReloader
INFO 2026-02-26 03:52:27,139 autoreload 15552 14652 E:\Projects\Freelense assignment\Ebook flutter\backend\novel_reading_api\settings.py changed, reloading.
INFO 2026-02-26 03:52:31,248 autoreload 10068 19820 Watching for file changes with StatReloader
INFO 2026-03-19 16:08:42,852 autoreload 5472 10296 Watching for file changes with StatReloader
INFO 2026-03-19 16:12:07,113 basehttp 5472 13332 "OPTIONS /api/v1/auth/login/ HTTP/1.1" 200 0
INFO 2026-03-19 16:12:12,014 basehttp 5472 13332 "POST /api/v1/auth/login/ HTTP/1.1" 200 1089
INFO 2026-03-19 16:12:12,644 basehttp 5472 13332 "OPTIONS /api/v1/recommendations/ HTTP/1.1" 200 0
INFO 2026-03-19 16:12:12,684 basehttp 5472 8948 "OPTIONS /api/v1/reading/progress/ HTTP/1.1" 200 0
INFO 2026-03-19 16:12:12,698 basehttp 5472 8948 "OPTIONS /api/v1/surveys/active/ HTTP/1.1" 200 0
INFO 2026-03-19 16:12:13,196 basehttp 5472 8948 "GET /api/v1/reading/progress/ HTTP/1.1" 200 5072
INFO 2026-03-19 16:12:13,237 basehttp 5472 7292 "GET /api/v1/surveys/active/ HTTP/1.1" 200 52
INFO 2026-03-19 16:12:13,286 basehttp 5472 12636 "OPTIONS /api/v1/novels/trending/ HTTP/1.1" 200 0
INFO 2026-03-19 16:12:13,784 basehttp 5472 7292 "GET /api/v1/novels/trending/ HTTP/1.1" 200 17009
INFO 2026-03-19 16:12:14,170 basehttp 5472 13332 "GET /api/v1/recommendations/ HTTP/1.1" 200 10012
INFO 2026-03-19 16:12:23,821 basehttp 5472 13332 "GET /api/v1/reading/progress/ HTTP/1.1" 200 5072
INFO 2026-03-19 16:12:27,609 basehttp 5472 13332 "OPTIONS /api/v1/novels/my-novels/ HTTP/1.1" 200 0
INFO 2026-03-19 16:12:27,629 basehttp 5472 13332 "GET /api/v1/novels/my-novels/ HTTP/1.1" 200 52
INFO 2026-03-19 16:12:31,174 basehttp 5472 13332 "OPTIONS /api/v1/novels/genres/ HTTP/1.1" 200 0
INFO 2026-03-19 16:12:31,228 basehttp 5472 13332 "GET /api/v1/novels/genres/ HTTP/1.1" 200 1584
INFO 2026-03-19 16:13:31,627 basehttp 5472 13332 "GET /api/v1/novels/genres/ HTTP/1.1" 200 1584
INFO 2026-03-19 16:15:15,833 basehttp 5472 13332 "POST /api/v1/auth/login/ HTTP/1.1" 200 1089
INFO 2026-03-19 16:15:16,914 basehttp 5472 8948 "GET /api/v1/surveys/active/ HTTP/1.1" 200 52
INFO 2026-03-19 16:15:17,094 basehttp 5472 7292 "GET /api/v1/reading/progress/ HTTP/1.1" 200 5072
INFO 2026-03-19 16:15:17,355 basehttp 5472 13332 "GET /api/v1/recommendations/ HTTP/1.1" 200 10012
INFO 2026-03-19 16:15:17,360 basehttp 5472 12636 "GET /api/v1/novels/trending/ HTTP/1.1" 200 17009
INFO 2026-03-19 16:15:22,654 basehttp 5472 12636 "GET /api/v1/reading/progress/ HTTP/1.1" 200 5072
INFO 2026-03-19 16:15:25,791 basehttp 5472 12636 "GET /api/v1/novels/my-novels/ HTTP/1.1" 200 52
INFO 2026-03-19 16:15:28,597 basehttp 5472 12636 "GET /api/v1/novels/genres/ HTTP/1.1" 200 1584
INFO 2026-03-19 16:18:56,642 basehttp 5472 12636 "POST /api/v1/auth/login/ HTTP/1.1" 200 1089
INFO 2026-03-19 16:18:57,320 basehttp 5472 7292 "GET /api/v1/surveys/active/ HTTP/1.1" 200 52
INFO 2026-03-19 16:18:57,488 basehttp 5472 13332 "GET /api/v1/reading/progress/ HTTP/1.1" 200 5072
INFO 2026-03-19 16:18:57,738 basehttp 5472 8948 "GET /api/v1/novels/trending/ HTTP/1.1" 200 17009
INFO 2026-03-19 16:18:59,255 basehttp 5472 12636 "GET /api/v1/recommendations/ HTTP/1.1" 200 10012
INFO 2026-03-19 16:18:59,608 basehttp 5472 12636 "GET /api/v1/reading/progress/ HTTP/1.1" 200 5072
INFO 2026-03-19 16:19:03,095 basehttp 5472 12636 "GET /api/v1/novels/my-novels/ HTTP/1.1" 200 52
INFO 2026-03-19 16:19:07,408 basehttp 5472 12636 "GET /api/v1/novels/genres/ HTTP/1.1" 200 1584
INFO 2026-03-19 16:20:07,170 basehttp 5472 12636 "OPTIONS /api/v1/novels/my-novels/create/ HTTP/1.1" 200 0
WARNING 2026-03-19 16:20:07,198 log 5472 12636 Bad Request: /api/v1/novels/my-novels/create/
WARNING 2026-03-19 16:20:07,200 basehttp 5472 12636 "POST /api/v1/novels/my-novels/create/ HTTP/1.1" 400 38
INFO 2026-03-19 16:24:07,980 basehttp 5472 12636 "POST /api/v1/auth/login/ HTTP/1.1" 200 1089
INFO 2026-03-19 16:24:08,870 basehttp 5472 12636 "GET /api/v1/recommendations/ HTTP/1.1" 200 10012
INFO 2026-03-19 16:24:08,972 basehttp 5472 12636 "GET /api/v1/reading/progress/ HTTP/1.1" 200 5072
INFO 2026-03-19 16:24:08,983 basehttp 5472 11024 "GET /api/v1/surveys/active/ HTTP/1.1" 200 52
INFO 2026-03-19 16:24:09,136 basehttp 5472 2564 "GET /api/v1/novels/trending/ HTTP/1.1" 200 17009
INFO 2026-03-19 16:24:11,403 basehttp 5472 2564 "GET /api/v1/reading/progress/ HTTP/1.1" 200 5072
INFO 2026-03-19 16:24:19,805 basehttp 5472 2564 "GET /api/v1/novels/my-novels/ HTTP/1.1" 200 52
INFO 2026-03-19 16:24:22,629 basehttp 5472 2564 "GET /api/v1/novels/genres/ HTTP/1.1" 200 1584
INFO 2026-03-19 16:25:03,606 basehttp 5472 2564 "POST /api/v1/novels/my-novels/create/ HTTP/1.1" 201 246
INFO 2026-03-19 16:33:31,866 basehttp 5472 10276 "POST /api/v1/auth/login/ HTTP/1.1" 200 1089
INFO 2026-03-19 16:33:32,801 basehttp 5472 8168 "GET /api/v1/reading/progress/ HTTP/1.1" 200 5072
INFO 2026-03-19 16:33:32,838 basehttp 5472 8168 "GET /api/v1/surveys/active/ HTTP/1.1" 200 52
INFO 2026-03-19 16:33:33,636 basehttp 5472 10276 "GET /api/v1/recommendations/ HTTP/1.1" 200 10012
INFO 2026-03-19 16:33:34,264 basehttp 5472 8168 "GET /api/v1/novels/trending/ HTTP/1.1" 200 17009
INFO 2026-03-19 16:33:47,001 basehttp 5472 8168 "GET /api/v1/reading/progress/ HTTP/1.1" 200 5072
INFO 2026-03-19 16:34:03,007 basehttp 5472 8168 "GET /api/v1/novels/my-novels/ HTTP/1.1" 200 700
INFO 2026-03-19 16:34:11,533 basehttp 5472 8168 "GET /api/v1/novels/genres/ HTTP/1.1" 200 1584
INFO 2026-03-19 16:34:48,433 basehttp 5472 8168 "GET /api/v1/novels/genres/ HTTP/1.1" 200 1584
INFO 2026-03-19 16:35:09,909 basehttp 5472 8168 "POST /api/v1/novels/my-novels/create/ HTTP/1.1" 201 226
INFO 2026-03-19 16:37:40,107 autoreload 5472 10296 E:\Projects\Freelense assignment\Novel android\novel\backend\apps\novels\serializers.py changed, reloading.
INFO 2026-03-19 16:38:00,091 autoreload 5828 9828 Watching for file changes with StatReloader
INFO 2026-03-19 16:45:24,199 basehttp 5828 9544 "POST /api/v1/auth/login/ HTTP/1.1" 200 1089
INFO 2026-03-19 16:45:25,365 basehttp 5828 6304 "GET /api/v1/reading/progress/ HTTP/1.1" 200 5072
INFO 2026-03-19 16:45:25,383 basehttp 5828 3156 "GET /api/v1/surveys/active/ HTTP/1.1" 200 52
INFO 2026-03-19 16:45:25,640 basehttp 5828 2608 "GET /api/v1/novels/trending/ HTTP/1.1" 200 17009
INFO 2026-03-19 16:45:26,030 basehttp 5828 9544 "GET /api/v1/recommendations/ HTTP/1.1" 200 10012
INFO 2026-03-19 16:45:27,635 basehttp 5828 9544 "GET /api/v1/reading/progress/ HTTP/1.1" 200 5072
INFO 2026-03-19 16:45:32,592 basehttp 5828 9544 "GET /api/v1/novels/my-novels/ HTTP/1.1" 200 1293
INFO 2026-03-19 16:45:37,901 basehttp 5828 9544 "GET /api/v1/novels/genres/ HTTP/1.1" 200 1584
INFO 2026-03-19 16:45:46,871 basehttp 5828 9544 "OPTIONS /api/v1/novels/my-novels/21a93518-1998-4980-9da0-0b36bf532518/delete/ HTTP/1.1" 200 0
INFO 2026-03-19 16:45:47,244 basehttp 5828 9544 "DELETE /api/v1/novels/my-novels/21a93518-1998-4980-9da0-0b36bf532518/delete/ HTTP/1.1" 204 0
INFO 2026-03-19 16:45:47,458 basehttp 5828 9544 "GET /api/v1/novels/my-novels/ HTTP/1.1" 200 700
INFO 2026-03-19 16:45:50,788 basehttp 5828 9544 "GET /api/v1/novels/genres/ HTTP/1.1" 200 1584
INFO 2026-03-19 16:46:04,118 basehttp 5828 9544 "OPTIONS /api/v1/novels/my-novels/4f49db24-94cd-4f05-be1e-89ac730bc2e6/update/ HTTP/1.1" 200 0
INFO 2026-03-19 16:46:06,948 basehttp 5828 9544 "PATCH /api/v1/novels/my-novels/4f49db24-94cd-4f05-be1e-89ac730bc2e6/update/ HTTP/1.1" 200 332
INFO 2026-03-19 16:46:13,203 basehttp 5828 9544 "GET /api/v1/novels/genres/ HTTP/1.1" 200 1584
INFO 2026-03-19 16:46:39,567 basehttp 5828 9544 "POST /api/v1/novels/my-novels/create/ HTTP/1.1" 201 291
INFO 2026-03-19 16:49:06,964 autoreload 5828 9828 E:\Projects\Freelense assignment\Novel android\novel\backend\apps\novels\serializers.py changed, reloading.
INFO 2026-03-19 16:49:13,964 autoreload 10652 4780 Watching for file changes with StatReloader
INFO 2026-03-19 17:01:44,222 basehttp 10652 13096 "POST /api/v1/auth/login/ HTTP/1.1" 200 1089
INFO 2026-03-19 17:01:45,190 basehttp 10652 6272 "GET /api/v1/reading/progress/ HTTP/1.1" 200 5072
INFO 2026-03-19 17:01:45,223 basehttp 10652 6272 "GET /api/v1/surveys/active/ HTTP/1.1" 200 52
INFO 2026-03-19 17:01:45,650 basehttp 10652 6272 "GET /api/v1/novels/trending/ HTTP/1.1" 200 17009
INFO 2026-03-19 17:01:46,089 basehttp 10652 13096 "GET /api/v1/recommendations/ HTTP/1.1" 200 10012
INFO 2026-03-19 17:01:49,785 basehttp 10652 13096 "GET /api/v1/reading/progress/ HTTP/1.1" 200 5072
INFO 2026-03-19 17:01:51,121 basehttp 10652 13096 "GET /api/v1/novels/my-novels/ HTTP/1.1" 200 1243
INFO 2026-03-19 17:01:51,413 basehttp 10652 13096 "GET /media/covers/cover_eH5uItD.jpg HTTP/1.1" 200 8723
INFO 2026-03-19 17:01:51,542 basehttp 10652 6272 "GET /media/covers/cover.jpg HTTP/1.1" 200 79769
INFO 2026-03-19 17:01:54,275 basehttp 10652 6272 "GET /api/v1/novels/genres/ HTTP/1.1" 200 1584
INFO 2026-03-19 17:02:00,300 basehttp 10652 6272 "GET /api/v1/novels/genres/ HTTP/1.1" 200 1584
INFO 2026-03-19 17:02:03,335 basehttp 10652 6272 "OPTIONS /api/v1/novels/my-novels/b0b256f5-b0d7-48ac-8e1d-c359ac3ac167/delete/ HTTP/1.1" 200 0
INFO 2026-03-19 17:02:03,503 basehttp 10652 6272 "DELETE /api/v1/novels/my-novels/b0b256f5-b0d7-48ac-8e1d-c359ac3ac167/delete/ HTTP/1.1" 204 0
INFO 2026-03-19 17:02:03,722 basehttp 10652 6272 "GET /api/v1/novels/my-novels/ HTTP/1.1" 200 742
INFO 2026-03-19 17:02:05,597 basehttp 10652 6272 "GET /api/v1/novels/genres/ HTTP/1.1" 200 1584
INFO 2026-03-19 17:02:33,300 basehttp 10652 6272 "POST /api/v1/novels/my-novels/create/ HTTP/1.1" 201 369
INFO 2026-03-19 17:02:33,540 basehttp 10652 6272 "GET /api/v1/novels/my-novels/ HTTP/1.1" 200 1245
INFO 2026-03-19 17:02:33,885 basehttp 10652 6272 "GET /media/covers/cover_eQcBRaS.jpg HTTP/1.1" 200 11149
INFO 2026-03-19 17:06:22,493 basehttp 10652 6272 "POST /api/v1/auth/login/ HTTP/1.1" 200 1089
INFO 2026-03-19 17:06:23,206 basehttp 10652 13096 "GET /api/v1/reading/progress/ HTTP/1.1" 200 5072
INFO 2026-03-19 17:06:23,236 basehttp 10652 13096 "GET /api/v1/surveys/active/ HTTP/1.1" 200 52
INFO 2026-03-19 17:06:23,496 basehttp 10652 13096 "GET /api/v1/novels/trending/ HTTP/1.1" 200 17009
INFO 2026-03-19 17:06:23,624 basehttp 10652 6272 "GET /api/v1/recommendations/ HTTP/1.1" 200 10012
INFO 2026-03-19 17:06:25,407 basehttp 10652 6272 "GET /api/v1/reading/progress/ HTTP/1.1" 200 5072
INFO 2026-03-19 17:06:27,110 basehttp 10652 6272 "GET /api/v1/novels/my-novels/ HTTP/1.1" 200 1245
INFO 2026-03-19 17:06:27,328 basehttp 10652 6272 "GET /media/covers/cover_eQcBRaS.jpg HTTP/1.1" 304 0
INFO 2026-03-19 17:06:27,429 basehttp 10652 6272 "GET /media/covers/cover.jpg HTTP/1.1" 304 0
INFO 2026-03-19 17:06:30,674 basehttp 10652 6272 "OPTIONS /api/v1/novels/my-novels/eb88805e-a1e5-4dce-b6de-1e267a3c91df/chapters/ HTTP/1.1" 200 0
INFO 2026-03-19 17:06:30,689 basehttp 10652 6272 "GET /api/v1/novels/my-novels/eb88805e-a1e5-4dce-b6de-1e267a3c91df/chapters/ HTTP/1.1" 200 52
INFO 2026-03-19 17:06:34,864 basehttp 10652 6272 "GET /api/v1/novels/genres/ HTTP/1.1" 200 1584
INFO 2026-03-19 17:06:37,798 basehttp 10652 6272 "OPTIONS /api/v1/novels/my-novels/eb88805e-a1e5-4dce-b6de-1e267a3c91df/delete/ HTTP/1.1" 200 0
INFO 2026-03-19 17:06:37,959 basehttp 10652 6272 "DELETE /api/v1/novels/my-novels/eb88805e-a1e5-4dce-b6de-1e267a3c91df/delete/ HTTP/1.1" 204 0
INFO 2026-03-19 17:06:38,036 basehttp 10652 6272 "GET /api/v1/novels/my-novels/ HTTP/1.1" 200 742
INFO 2026-03-19 17:06:40,454 basehttp 10652 6272 "GET /api/v1/novels/genres/ HTTP/1.1" 200 1584
INFO 2026-03-19 17:07:06,688 basehttp 10652 6272 "POST /api/v1/novels/my-novels/create/ HTTP/1.1" 201 959
INFO 2026-03-19 17:07:06,983 basehttp 10652 6272 "GET /api/v1/novels/my-novels/ HTTP/1.1" 200 1737
INFO 2026-03-19 17:07:07,431 basehttp 10652 6272 "GET /media/covers/cover_AINrbkz.jpg HTTP/1.1" 200 79769
INFO 2026-03-19 17:07:41,636 basehttp 10652 11728 "OPTIONS /api/v1/novels/my-novels/fa05762e-a616-4357-8863-8f9cb0049bcf/chapters/ HTTP/1.1" 200 0
INFO 2026-03-19 17:07:41,657 basehttp 10652 11728 "GET /api/v1/novels/my-novels/fa05762e-a616-4357-8863-8f9cb0049bcf/chapters/ HTTP/1.1" 200 52
INFO 2026-03-19 17:08:40,458 basehttp 10652 11728 "GET /api/v1/reading/progress/ HTTP/1.1" 200 5072
INFO 2026-03-19 17:11:30,100 basehttp 10652 11728 "POST /api/v1/auth/login/ HTTP/1.1" 200 1089
INFO 2026-03-19 17:11:30,925 basehttp 10652 11728 "GET /api/v1/recommendations/ HTTP/1.1" 200 10012
INFO 2026-03-19 17:11:31,018 basehttp 10652 11728 "GET /api/v1/reading/progress/ HTTP/1.1" 200 5072
INFO 2026-03-19 17:11:31,035 basehttp 10652 7504 "GET /api/v1/surveys/active/ HTTP/1.1" 200 52
INFO 2026-03-19 17:11:31,295 basehttp 10652 11728 "GET /api/v1/novels/trending/ HTTP/1.1" 200 17009
INFO 2026-03-19 17:11:34,051 basehttp 10652 11728 "GET /api/v1/reading/progress/ HTTP/1.1" 200 5072
INFO 2026-03-19 17:11:34,139 basehttp 10652 7504 "GET /api/v1/reading/progress/ HTTP/1.1" 200 5072
INFO 2026-03-19 17:11:36,901 basehttp 10652 7504 "GET /api/v1/novels/my-novels/ HTTP/1.1" 200 1737
INFO 2026-03-19 17:11:37,037 basehttp 10652 7504 "GET /media/covers/cover_AINrbkz.jpg HTTP/1.1" 304 0
INFO 2026-03-19 17:11:37,105 basehttp 10652 7504 "GET /media/covers/cover.jpg HTTP/1.1" 304 0
INFO 2026-03-19 17:11:40,058 basehttp 10652 7504 "GET /api/v1/novels/genres/ HTTP/1.1" 200 1584
INFO 2026-03-19 17:12:06,409 basehttp 10652 7504 "POST /api/v1/novels/my-novels/create/ HTTP/1.1" 201 375
INFO 2026-03-19 17:12:06,681 basehttp 10652 7504 "GET /api/v1/novels/my-novels/ HTTP/1.1" 200 2241
INFO 2026-03-19 17:12:07,021 basehttp 10652 7504 "GET /media/covers/cover_Q3UAVEl.jpg HTTP/1.1" 200 1104454
INFO 2026-03-19 17:12:10,472 basehttp 10652 7504 "OPTIONS /api/v1/novels/my-novels/fdbf9ac3-3683-4b69-bd56-576c66373dff/chapters/ HTTP/1.1" 200 0
INFO 2026-03-19 17:12:10,490 basehttp 10652 7504 "GET /api/v1/novels/my-novels/fdbf9ac3-3683-4b69-bd56-576c66373dff/chapters/ HTTP/1.1" 200 52
INFO 2026-03-19 17:13:58,571 basehttp 10652 7504 "OPTIONS /api/v1/novels/my-novels/fdbf9ac3-3683-4b69-bd56-576c66373dff/chapters/create/ HTTP/1.1" 200 0
INFO 2026-03-19 17:13:58,842 basehttp 10652 7504 "POST /api/v1/novels/my-novels/fdbf9ac3-3683-4b69-bd56-576c66373dff/chapters/create/ HTTP/1.1" 201 2571
INFO 2026-03-19 17:13:59,021 basehttp 10652 7504 "GET /api/v1/novels/my-novels/fdbf9ac3-3683-4b69-bd56-576c66373dff/chapters/ HTTP/1.1" 200 207
INFO 2026-03-19 17:14:06,388 basehttp 10652 7504 "GET /api/v1/novels/genres/ HTTP/1.1" 200 1584
INFO 2026-03-19 17:14:17,050 basehttp 10652 7504 "OPTIONS /api/v1/novels/my-novels/fdbf9ac3-3683-4b69-bd56-576c66373dff/update/ HTTP/1.1" 200 0
INFO 2026-03-19 17:14:17,206 basehttp 10652 7504 "PATCH /api/v1/novels/my-novels/fdbf9ac3-3683-4b69-bd56-576c66373dff/update/ HTTP/1.1" 200 379
INFO 2026-03-19 17:14:17,452 basehttp 10652 7504 "GET /api/v1/novels/my-novels/ HTTP/1.1" 200 2245
INFO 2026-03-19 17:14:22,835 basehttp 10652 7504 "OPTIONS /api/v1/novels/my-novels/fdbf9ac3-3683-4b69-bd56-576c66373dff/publish/ HTTP/1.1" 200 0
INFO 2026-03-19 17:14:22,965 basehttp 10652 7504 "POST /api/v1/novels/my-novels/fdbf9ac3-3683-4b69-bd56-576c66373dff/publish/ HTTP/1.1" 200 63
INFO 2026-03-19 17:14:23,021 basehttp 10652 7504 "GET /api/v1/novels/my-novels/ HTTP/1.1" 200 2245
INFO 2026-03-19 17:14:28,960 basehttp 10652 3180 "GET /media/covers/cover_Q3UAVEl.jpg HTTP/1.1" 200 1104454
INFO 2026-03-19 17:14:40,138 basehttp 10652 7504 "OPTIONS /api/v1/novels/?search=n HTTP/1.1" 200 0
INFO 2026-03-19 17:14:40,485 basehttp 10652 7504 "GET /api/v1/novels/?search=n HTTP/1.1" 200 15964
INFO 2026-03-19 17:14:40,649 basehttp 10652 7504 "OPTIONS /api/v1/novels/?search=na HTTP/1.1" 200 0
INFO 2026-03-19 17:14:40,731 basehttp 10652 7504 "GET /api/v1/novels/?search=na HTTP/1.1" 200 3175
INFO 2026-03-19 17:14:43,423 basehttp 10652 7504 "OPTIONS /api/v1/novels/fdbf9ac3-3683-4b69-bd56-576c66373dff/ HTTP/1.1" 200 0
INFO 2026-03-19 17:14:43,563 basehttp 10652 7504 "GET /api/v1/novels/fdbf9ac3-3683-4b69-bd56-576c66373dff/ HTTP/1.1" 200 730
INFO 2026-03-19 17:14:43,818 basehttp 10652 7504 "OPTIONS /api/v1/reading/bookmarks/?novel=fdbf9ac3-3683-4b69-bd56-576c66373dff HTTP/1.1" 200 0
INFO 2026-03-19 17:14:43,838 basehttp 10652 7504 "GET /api/v1/reading/bookmarks/?novel=fdbf9ac3-3683-4b69-bd56-576c66373dff HTTP/1.1" 200 52
INFO 2026-03-19 17:14:46,018 basehttp 10652 11728 "OPTIONS /api/v1/novels/fdbf9ac3-3683-4b69-bd56-576c66373dff/chapters/1/ HTTP/1.1" 200 0
INFO 2026-03-19 17:14:46,030 basehttp 10652 7504 "GET /api/v1/reading/bookmarks/?novel=fdbf9ac3-3683-4b69-bd56-576c66373dff HTTP/1.1" 200 52
INFO 2026-03-19 17:14:46,036 basehttp 10652 11728 "GET /api/v1/novels/fdbf9ac3-3683-4b69-bd56-576c66373dff/chapters/1/ HTTP/1.1" 200 2571
INFO 2026-03-19 17:15:39,769 basehttp 10652 7504 - Broken pipe from ('127.0.0.1', 52566)
INFO 2026-03-19 17:15:39,769 basehttp 10652 3180 - Broken pipe from ('127.0.0.1', 58793)
INFO 2026-03-19 17:15:39,769 basehttp 10652 11728 - Broken pipe from ('127.0.0.1', 63931)
INFO 2026-03-30 12:49:27,249 autoreload 7752 14804 Watching for file changes with StatReloader
INFO 2026-03-30 12:50:46,895 autoreload 15196 14412 Watching for file changes with StatReloader
INFO 2026-03-30 14:38:47,891 autoreload 13516 18772 Watching for file changes with StatReloader
INFO 2026-03-30 14:44:39,363 autoreload 13120 3132 Watching for file changes with StatReloader
INFO 2026-03-30 14:46:58,594 basehttp 13120 19984 "OPTIONS /api/v1/auth/login/ HTTP/1.1" 200 0
INFO 2026-03-30 14:47:08,999 basehttp 13120 19984 "POST /api/v1/auth/login/ HTTP/1.1" 200 1089
INFO 2026-03-30 14:47:09,817 basehttp 13120 19984 "OPTIONS /api/v1/recommendations/ HTTP/1.1" 200 0
INFO 2026-03-30 14:47:09,831 basehttp 13120 19948 "OPTIONS /api/v1/reading/progress/ HTTP/1.1" 200 0
INFO 2026-03-30 14:47:10,330 basehttp 13120 6052 "OPTIONS /api/v1/surveys/active/ HTTP/1.1" 200 0
INFO 2026-03-30 14:47:10,798 basehttp 13120 15528 "OPTIONS /api/v1/novels/trending/ HTTP/1.1" 200 0
INFO 2026-03-30 14:47:10,975 basehttp 13120 6052 "GET /api/v1/surveys/active/ HTTP/1.1" 200 52
INFO 2026-03-30 14:47:12,580 basehttp 13120 15528 "GET /api/v1/novels/trending/ HTTP/1.1" 200 17009
INFO 2026-03-30 14:47:13,549 basehttp 13120 19948 "GET /api/v1/reading/progress/ HTTP/1.1" 200 7016
INFO 2026-03-30 14:47:14,650 basehttp 13120 19984 "GET /api/v1/recommendations/ HTTP/1.1" 200 10012
INFO 2026-03-30 14:48:21,973 autoreload 13120 3132 E:\Projects\Freelense assignment\Novel android\novel\backend\novel_reading_api\settings.py changed, reloading.
INFO 2026-03-30 14:48:28,949 autoreload 18700 17104 Watching for file changes with StatReloader
INFO 2026-03-30 14:49:18,788 basehttp 18700 11528 "POST /api/v1/auth/login/ HTTP/1.1" 200 1089
INFO 2026-03-30 14:49:20,009 basehttp 18700 14960 "GET /api/v1/reading/progress/ HTTP/1.1" 200 7011
INFO 2026-03-30 14:49:20,061 basehttp 18700 10724 "GET /api/v1/surveys/active/ HTTP/1.1" 200 52
INFO 2026-03-30 14:49:20,247 basehttp 18700 9732 "GET /api/v1/novels/trending/ HTTP/1.1" 200 17009
INFO 2026-03-30 14:49:20,480 basehttp 18700 11528 "GET /api/v1/recommendations/ HTTP/1.1" 200 10012
WARNING 2026-03-30 14:49:21,085 log 18700 10724 Not Found: /media/covers/cover_Q3UAVEl.jpg
WARNING 2026-03-30 14:49:21,087 basehttp 18700 10724 "GET /media/covers/cover_Q3UAVEl.jpg HTTP/1.1" 404 3135
INFO 2026-03-30 14:50:01,448 basehttp 18700 10724 - Broken pipe from ('127.0.0.1', 50657)
INFO 2026-03-30 14:50:01,448 basehttp 18700 9732 - Broken pipe from ('127.0.0.1', 50060)
INFO 2026-03-30 14:50:01,448 basehttp 18700 14960 - Broken pipe from ('127.0.0.1', 55886)
INFO 2026-03-30 14:50:01,449 basehttp 18700 11528 - Broken pipe from ('127.0.0.1', 55365)
INFO 2026-03-30 14:56:46,403 basehttp 18700 11012 "OPTIONS /api/v1/auth/login/ HTTP/1.1" 200 0
INFO 2026-03-30 14:56:47,986 basehttp 18700 11012 "POST /api/v1/auth/login/ HTTP/1.1" 200 1089
INFO 2026-03-30 14:56:49,152 basehttp 18700 11012 "OPTIONS /api/v1/recommendations/ HTTP/1.1" 200 0
INFO 2026-03-30 14:56:49,165 basehttp 18700 11012 "OPTIONS /api/v1/reading/progress/ HTTP/1.1" 200 0
INFO 2026-03-30 14:56:49,172 basehttp 18700 11012 "OPTIONS /api/v1/surveys/active/ HTTP/1.1" 200 0
INFO 2026-03-30 14:56:49,253 basehttp 18700 11012 "OPTIONS /api/v1/novels/trending/ HTTP/1.1" 200 0
INFO 2026-03-30 14:56:49,562 basehttp 18700 11012 "GET /api/v1/reading/progress/ HTTP/1.1" 200 7011
INFO 2026-03-30 14:56:49,651 basehttp 18700 16220 "GET /api/v1/surveys/active/ HTTP/1.1" 200 52
INFO 2026-03-30 14:56:50,011 basehttp 18700 16552 "GET /api/v1/recommendations/ HTTP/1.1" 200 10012
INFO 2026-03-30 14:56:50,311 basehttp 18700 18568 "GET /api/v1/novels/trending/ HTTP/1.1" 200 17009
WARNING 2026-03-30 14:56:50,517 log 18700 16552 Not Found: /media/covers/cover_Q3UAVEl.jpg
WARNING 2026-03-30 14:56:50,518 basehttp 18700 16552 "GET /media/covers/cover_Q3UAVEl.jpg HTTP/1.1" 404 3135
INFO 2026-03-30 14:56:55,294 basehttp 18700 16552 "GET /api/v1/reading/progress/ HTTP/1.1" 200 7011
INFO 2026-03-30 14:56:59,447 basehttp 18700 16552 "OPTIONS /api/v1/novels/my-novels/ HTTP/1.1" 200 0
INFO 2026-03-30 14:56:59,566 basehttp 18700 16552 "GET /api/v1/novels/my-novels/ HTTP/1.1" 200 2901
WARNING 2026-03-30 14:56:59,727 log 18700 16552 Not Found: /media/covers/cover_uDBWVQm.jpg
WARNING 2026-03-30 14:56:59,728 basehttp 18700 16552 "GET /media/covers/cover_uDBWVQm.jpg HTTP/1.1" 404 3135
WARNING 2026-03-30 14:56:59,869 log 18700 16552 Not Found: /media/covers/1000344375.jpg
WARNING 2026-03-30 14:56:59,870 basehttp 18700 16552 "GET /media/covers/1000344375.jpg HTTP/1.1" 404 3126
WARNING 2026-03-30 14:56:59,935 log 18700 16552 Not Found: /media/covers/cover.jpg
WARNING 2026-03-30 14:56:59,936 basehttp 18700 16552 "GET /media/covers/cover.jpg HTTP/1.1" 404 3111
INFO 2026-03-30 14:57:03,046 basehttp 18700 16552 "OPTIONS /api/v1/novels/my-novels/fdbf9ac3-3683-4b69-bd56-576c66373dff/chapters/ HTTP/1.1" 200 0
INFO 2026-03-30 14:57:03,064 basehttp 18700 16552 "GET /api/v1/novels/my-novels/fdbf9ac3-3683-4b69-bd56-576c66373dff/chapters/ HTTP/1.1" 200 207
INFO 2026-03-30 14:57:07,948 basehttp 18700 16552 "OPTIONS /api/v1/novels/genres/ HTTP/1.1" 200 0
INFO 2026-03-30 14:57:08,000 basehttp 18700 16552 "GET /api/v1/novels/genres/ HTTP/1.1" 200 1584
INFO 2026-03-30 14:57:20,407 basehttp 18700 16552 "OPTIONS /api/v1/novels/my-novels/fdbf9ac3-3683-4b69-bd56-576c66373dff/update/ HTTP/1.1" 200 0
INFO 2026-03-30 14:57:21,574 basehttp 18700 16552 "PATCH /api/v1/novels/my-novels/fdbf9ac3-3683-4b69-bd56-576c66373dff/update/ HTTP/1.1" 200 383
INFO 2026-03-30 14:57:21,849 basehttp 18700 16552 "GET /api/v1/novels/my-novels/ HTTP/1.1" 200 2901
WARNING 2026-03-30 14:57:22,249 log 18700 16552 Not Found: /media/covers/cover_kWkNGoG.jpg
WARNING 2026-03-30 14:57:22,251 basehttp 18700 16552 "GET /media/covers/cover_kWkNGoG.jpg HTTP/1.1" 404 3135
WARNING 2026-03-30 14:58:28,193 log 18700 18164 Not Found: /media/covers/cover_kWkNGoG.jpg
WARNING 2026-03-30 14:58:28,193 basehttp 18700 18164 "GET /media/covers/cover_kWkNGoG.jpg HTTP/1.1" 404 3135
WARNING 2026-03-30 14:58:28,342 log 18700 18164 Not Found: /favicon.ico
WARNING 2026-03-30 14:58:28,343 basehttp 18700 18164 "GET /favicon.ico HTTP/1.1" 404 3078
WARNING 2026-03-30 14:58:40,606 log 18700 18164 Not Found: /media/media/covers/cover_kWkNGoG.jpg
WARNING 2026-03-30 14:58:40,607 basehttp 18700 18164 "GET /media/media/covers/cover_kWkNGoG.jpg HTTP/1.1" 404 3153
WARNING 2026-03-30 14:58:44,545 log 18700 18164 Not Found: /media/covers/cover_kWkNGoG.jpg
WARNING 2026-03-30 14:58:44,547 basehttp 18700 18164 "GET /media/covers/cover_kWkNGoG.jpg HTTP/1.1" 404 3135
INFO 2026-03-30 14:59:24,119 autoreload 18700 17104 E:\Projects\Freelense assignment\Novel android\novel\backend\novel_reading_api\settings.py changed, reloading.
INFO 2026-03-30 14:59:29,136 autoreload 18236 4188 Watching for file changes with StatReloader
WARNING 2026-03-30 14:59:32,621 log 18236 17796 Not Found: /media/covers/cover_kWkNGoG.jpg
WARNING 2026-03-30 14:59:32,622 basehttp 18236 17796 "GET /media/covers/cover_kWkNGoG.jpg HTTP/1.1" 404 3135
WARNING 2026-03-30 14:59:36,932 log 18236 17796 Not Found: /media/covers/cover_kWkNGoG.jpg
WARNING 2026-03-30 14:59:36,932 basehttp 18236 17796 "GET /media/covers/cover_kWkNGoG.jpg HTTP/1.1" 404 3135
WARNING 2026-03-30 14:59:50,984 log 18236 17796 Not Found: /media/covers/cover_kWkNGoG.jpg
WARNING 2026-03-30 14:59:50,984 basehttp 18236 17796 "GET /media/covers/cover_kWkNGoG.jpg HTTP/1.1" 404 3135
WARNING 2026-03-30 15:00:03,840 log 18236 17796 Not Found: /
WARNING 2026-03-30 15:00:03,841 basehttp 18236 17796 "GET / HTTP/1.1" 404 3027
INFO 2026-03-30 15:03:26,977 basehttp 18236 14792 "GET /api/v1/novels/genres/ HTTP/1.1" 200 1584
INFO 2026-03-30 15:03:37,664 basehttp 18236 14792 "PATCH /api/v1/novels/my-novels/fdbf9ac3-3683-4b69-bd56-576c66373dff/update/ HTTP/1.1" 200 383
INFO 2026-03-30 15:03:38,096 basehttp 18236 14792 "GET /api/v1/novels/my-novels/ HTTP/1.1" 200 2901
WARNING 2026-03-30 15:03:38,508 log 18236 14792 Not Found: /media/covers/cover_d9APfjF.jpg
WARNING 2026-03-30 15:03:38,509 basehttp 18236 14792 "GET /media/covers/cover_d9APfjF.jpg HTTP/1.1" 404 3135
WARNING 2026-03-30 15:03:48,064 log 18236 17796 Not Found: /
WARNING 2026-03-30 15:03:48,064 basehttp 18236 17796 "GET / HTTP/1.1" 404 3027
INFO 2026-03-30 15:04:30,333 autoreload 18236 4188 E:\Projects\Freelense assignment\Novel android\novel\backend\novel_reading_api\urls.py changed, reloading.
INFO 2026-03-30 15:04:34,802 autoreload 20060 8252 Watching for file changes with StatReloader
INFO 2026-03-30 15:04:42,231 autoreload 20060 8252 E:\Projects\Freelense assignment\Novel android\novel\backend\novel_reading_api\urls.py changed, reloading.
INFO 2026-03-30 15:04:46,030 autoreload 7532 6140 Watching for file changes with StatReloader
WARNING 2026-03-30 15:04:47,989 log 7532 3720 Not Found: /
WARNING 2026-03-30 15:04:47,990 basehttp 7532 3720 "GET / HTTP/1.1" 404 3027
WARNING 2026-03-30 15:04:49,433 log 7532 3720 Not Found: /
WARNING 2026-03-30 15:04:49,433 basehttp 7532 3720 "GET / HTTP/1.1" 404 3027
WARNING 2026-03-30 15:04:49,832 log 7532 3720 Not Found: /
WARNING 2026-03-30 15:04:49,832 basehttp 7532 3720 "GET / HTTP/1.1" 404 3027
INFO 2026-03-30 15:06:09,792 autoreload 7532 6140 E:\Projects\Freelense assignment\Novel android\novel\backend\novel_reading_api\urls.py changed, reloading.
INFO 2026-03-30 15:06:13,811 autoreload 6600 8140 Watching for file changes with StatReloader
INFO 2026-03-30 15:06:28,726 autoreload 6600 8140 E:\Projects\Freelense assignment\Novel android\novel\backend\novel_reading_api\urls.py changed, reloading.
INFO 2026-03-30 15:06:32,589 autoreload 19872 13236 Watching for file changes with StatReloader
INFO 2026-03-30 15:07:01,047 autoreload 19872 13236 E:\Projects\Freelense assignment\Novel android\novel\backend\novel_reading_api\urls.py changed, reloading.
INFO 2026-03-30 15:07:05,686 autoreload 17724 20448 Watching for file changes with StatReloader
WARNING 2026-03-30 15:07:09,325 log 17724 8196 Not Found: /
WARNING 2026-03-30 15:07:09,326 basehttp 17724 8196 "GET / HTTP/1.1" 404 3027
WARNING 2026-03-30 15:07:31,653 log 17724 8196 Not Found: /media/covers/cover_kWkNGoG.jpg
WARNING 2026-03-30 15:07:31,654 basehttp 17724 8196 "GET /media/covers/cover_kWkNGoG.jpg HTTP/1.1" 404 3135
INFO 2026-03-30 15:08:32,336 autoreload 17724 20448 E:\Projects\Freelense assignment\Novel android\novel\backend\novel_reading_api\urls.py changed, reloading.
INFO 2026-03-30 15:08:38,536 autoreload 14368 15836 Watching for file changes with StatReloader
INFO 2026-03-30 15:18:45,154 basehttp 14368 2136 "GET /media/covers/cover_kWkNGoG.jpg HTTP/1.1" 200 1104454
INFO 2026-03-30 15:23:34,216 autoreload 14368 15836 E:\Projects\Freelense assignment\Novel android\novel\backend\novel_reading_api\settings.py changed, reloading.
INFO 2026-03-30 15:23:41,612 autoreload 15760 6192 Watching for file changes with StatReloader
INFO 2026-03-30 15:24:08,321 basehttp 15760 3592 "POST /api/v1/auth/login/ HTTP/1.1" 200 1089
INFO 2026-03-30 15:24:09,757 basehttp 15760 1460 "GET /api/v1/reading/progress/ HTTP/1.1" 200 7016
INFO 2026-03-30 15:24:09,836 basehttp 15760 16548 "GET /api/v1/surveys/active/ HTTP/1.1" 200 52
INFO 2026-03-30 15:24:10,406 basehttp 15760 3592 "GET /api/v1/recommendations/ HTTP/1.1" 200 10012
INFO 2026-03-30 15:24:10,543 basehttp 15760 5532 "GET /api/v1/novels/trending/ HTTP/1.1" 200 17009
INFO 2026-03-30 15:24:18,604 basehttp 15760 5532 "GET /api/v1/reading/progress/ HTTP/1.1" 200 7016
INFO 2026-03-30 15:24:18,718 basehttp 15760 3592 "GET /api/v1/reading/progress/ HTTP/1.1" 200 7016
INFO 2026-03-30 15:24:21,286 basehttp 15760 3592 "GET /api/v1/novels/my-novels/ HTTP/1.1" 200 2921
INFO 2026-03-30 15:24:27,544 basehttp 15760 3592 "GET /api/v1/novels/my-novels/fdbf9ac3-3683-4b69-bd56-576c66373dff/chapters/ HTTP/1.1" 200 207
INFO 2026-03-30 15:24:32,105 basehttp 15760 3592 "GET /api/v1/novels/genres/ HTTP/1.1" 200 1584
INFO 2026-03-30 15:24:47,045 basehttp 15760 3592 "PATCH /api/v1/novels/my-novels/fdbf9ac3-3683-4b69-bd56-576c66373dff/update/ HTTP/1.1" 200 388
INFO 2026-03-30 15:24:47,449 basehttp 15760 3592 "GET /api/v1/novels/my-novels/ HTTP/1.1" 200 2921
INFO 2026-03-30 17:09:12,658 autoreload 3916 19268 Watching for file changes with StatReloader
INFO 2026-03-30 17:09:25,443 basehttp 3916 12660 "OPTIONS /api/v1/auth/login/ HTTP/1.1" 200 0
INFO 2026-03-30 17:09:27,152 basehttp 3916 12660 "POST /api/v1/auth/login/ HTTP/1.1" 200 1089
INFO 2026-03-30 17:09:28,375 basehttp 3916 12660 "OPTIONS /api/v1/recommendations/ HTTP/1.1" 200 0
INFO 2026-03-30 17:09:28,391 basehttp 3916 20292 "OPTIONS /api/v1/reading/progress/ HTTP/1.1" 200 0
INFO 2026-03-30 17:09:28,440 basehttp 3916 20292 "OPTIONS /api/v1/surveys/active/ HTTP/1.1" 200 0
INFO 2026-03-30 17:09:29,009 basehttp 3916 5036 "OPTIONS /api/v1/novels/trending/ HTTP/1.1" 200 0
INFO 2026-03-30 17:09:29,097 basehttp 3916 8356 "OPTIONS /api/v1/novels/genres/ HTTP/1.1" 200 0
INFO 2026-03-30 17:09:29,105 basehttp 3916 5036 "OPTIONS /api/v1/novels/ratings/ HTTP/1.1" 200 0
INFO 2026-03-30 17:09:29,153 basehttp 3916 14188 "OPTIONS /api/v1/novels/popular/ HTTP/1.1" 200 0
INFO 2026-03-30 17:09:29,185 basehttp 3916 15228 "GET /api/v1/surveys/active/ HTTP/1.1" 200 52
INFO 2026-03-30 17:09:29,185 basehttp 3916 8356 "OPTIONS /api/v1/novels/ HTTP/1.1" 200 0
INFO 2026-03-30 17:09:29,193 basehttp 3916 20292 "GET /api/v1/reading/progress/ HTTP/1.1" 200 7011
INFO 2026-03-30 17:09:29,497 basehttp 3916 8356 "GET /api/v1/novels/ratings/ HTTP/1.1" 200 52
INFO 2026-03-30 17:09:29,585 basehttp 3916 14188 "GET /api/v1/novels/genres/ HTTP/1.1" 200 1584
INFO 2026-03-30 17:09:30,234 basehttp 3916 20292 "GET /api/v1/novels/ HTTP/1.1" 200 15484
INFO 2026-03-30 17:09:30,282 basehttp 3916 5036 "GET /api/v1/novels/trending/ HTTP/1.1" 200 17009
INFO 2026-03-30 17:09:30,386 basehttp 3916 15228 "GET /api/v1/novels/popular/ HTTP/1.1" 200 15463
INFO 2026-03-30 17:09:30,562 basehttp 3916 14188 "GET /media/covers/cover_M9aSkbx.jpg HTTP/1.1" 200 1104454
INFO 2026-03-30 17:09:31,171 basehttp 3916 12660 "GET /api/v1/recommendations/ HTTP/1.1" 200 10012
INFO 2026-03-30 17:09:31,318 basehttp 3916 18148 "GET /media/covers/cover_M9aSkbx.jpg HTTP/1.1" 200 1104454
INFO 2026-03-30 17:09:41,715 basehttp 3916 15228 "GET /media/covers/cover.jpg HTTP/1.1" 200 79769
WARNING 2026-03-30 17:09:41,723 log 3916 12660 Not Found: /media/covers/cover_uDBWVQm.jpg
WARNING 2026-03-30 17:09:41,723 log 3916 14188 Not Found: /media/covers/1000344375.jpg
WARNING 2026-03-30 17:09:41,731 basehttp 3916 12660 "GET /media/covers/cover_uDBWVQm.jpg HTTP/1.1" 404 3502
WARNING 2026-03-30 17:09:41,731 basehttp 3916 14188 "GET /media/covers/1000344375.jpg HTTP/1.1" 404 3490
INFO 2026-03-30 17:09:48,308 basehttp 3916 14188 "OPTIONS /api/v1/novels/9c1a5de7-78f2-48a8-a99c-1b3174056902/ HTTP/1.1" 200 0
INFO 2026-03-30 17:09:48,548 basehttp 3916 14188 "GET /api/v1/novels/9c1a5de7-78f2-48a8-a99c-1b3174056902/ HTTP/1.1" 200 2408
INFO 2026-03-30 17:09:49,094 basehttp 3916 14188 "OPTIONS /api/v1/reading/bookmarks/?novel=9c1a5de7-78f2-48a8-a99c-1b3174056902 HTTP/1.1" 200 0
INFO 2026-03-30 17:09:49,158 basehttp 3916 14188 "GET /api/v1/reading/bookmarks/?novel=9c1a5de7-78f2-48a8-a99c-1b3174056902 HTTP/1.1" 200 52
INFO 2026-03-30 17:13:29,210 autoreload 3916 19268 E:\Projects\Freelense assignment\Novel android\novel\backend\novel_reading_api\settings.py changed, reloading.
INFO 2026-03-30 17:13:34,520 autoreload 5224 8340 Watching for file changes with StatReloader
