#
# There is insufficient memory for the Java Runtime Environment to continue.
# Native memory allocation (malloc) failed to allocate 2155312 bytes for Chunk::new
# Possible reasons:
#   The system is out of physical RAM or swap space
#   The process is running with CompressedOops enabled, and the Java Heap may be blocking the growth of the native heap
# Possible solutions:
#   Reduce memory load on the system
#   Increase physical memory or swap space
#   Check if swap backing store is full
#   Decrease Java heap size (-Xmx/-Xms)
#   Decrease number of Java threads
#   Decrease Java thread stack sizes (-Xss)
#   Set larger code cache with -XX:ReservedCodeCacheSize=
#   JVM is running with Zero Based Compressed Oops mode in which the Java heap is
#     placed in the first 32GB address space. The Java Heap base address is the
#     maximum limit for the native heap growth. Please use -XX:HeapBaseMinAddress
#     to set the Java Heap base and to place the Java Heap above 32GB virtual address.
# This output file may be truncated or incomplete.
#
#  Out of Memory Error (arena.cpp:168), pid=7908, tid=12312
#
# JRE version: Java(TM) SE Runtime Environment (21.0.10+8) (build 21.0.10+8-LTS-217)
# Java VM: Java HotSpot(TM) 64-Bit Server VM (21.0.10+8-LTS-217, mixed mode, sharing, tiered, compressed oops, compressed class ptrs, g1 gc, windows-amd64)
# No core dump will be written. Minidumps are not enabled by default on client versions of Windows
#

---------------  S U M M A R Y ------------

Command Line: --add-opens=java.base/java.util=ALL-UNNAMED --add-opens=java.base/java.lang=ALL-UNNAMED --add-opens=java.base/java.lang.invoke=ALL-UNNAMED --add-opens=java.prefs/java.util.prefs=ALL-UNNAMED --add-opens=java.base/java.nio.charset=ALL-UNNAMED --add-opens=java.base/java.net=ALL-UNNAMED --add-opens=java.base/java.util.concurrent.atomic=ALL-UNNAMED -Xmx4G -Dfile.encoding=UTF-8 -Duser.country=IN -Duser.language=en -Duser.variant -javaagent:C:\Users\Fardeen Khan\.gradle\wrapper\dists\gradle-8.5-all\3zlzzgtsutfj0pbojr50n2l7z\gradle-8.5\lib\agents\gradle-instrumentation-agent-8.5.jar org.gradle.launcher.daemon.bootstrap.GradleDaemon 8.5

Host: Intel(R) Core(TM) i5-5200U CPU @ 2.20GHz, 4 cores, 7G,  Windows 11 , 64 bit Build 22621 (10.0.22621.5415)
Time: Thu Feb 26 17:27:55 2026 Arab Standard Time elapsed time: 595.819404 seconds (0d 0h 9m 55s)

---------------  T H R E A D  ---------------

Current thread (0x000001dcc6a34db0):  JavaThread "C2 CompilerThread0" daemon [_thread_in_native, id=12312, stack(0x0000003de1c00000,0x0000003de1d00000) (1024K)]


Current CompileTask:
C2: 595819 46599 %     4       com.android.tools.r8.internal.Ha::a @ 1315 (6329 bytes)

Stack: [0x0000003de1c00000,0x0000003de1d00000]
Native frames: (J=compiled Java code, j=interpreted, Vv=VM code, C=native code)
V  [jvm.dll+0x6d0b59]
V  [jvm.dll+0x85fd56]
V  [jvm.dll+0x86224e]
V  [jvm.dll+0x862923]
V  [jvm.dll+0x282a16]
V  [jvm.dll+0xc662d]
V  [jvm.dll+0xc6b71]
V  [jvm.dll+0x3bbb5b]
V  [jvm.dll+0x1e36e2]
V  [jvm.dll+0x24b4c3]
V  [jvm.dll+0x24a94f]
V  [jvm.dll+0x1cacfe]
V  [jvm.dll+0x25a629]
V  [jvm.dll+0x258bb5]
V  [jvm.dll+0x3f4da1]
V  [jvm.dll+0x80a83d]
V  [jvm.dll+0x6cf3fd]
C  [ucrtbase.dll+0x29333]
C  [KERNEL32.DLL+0x1259d]
C  [ntdll.dll+0x5af78]


---------------  P R O C E S S  ---------------

Threads class SMR info:
_java_thread_list=0x000001dd288d2fb0, length=109, elements={
0x000001dca5f67a10, 0x000001dcc6a29e00, 0x000001dcc6a2ad20, 0x000001dcc6a317b0,
0x000001dcc6a32210, 0x000001dcc6a32c70, 0x000001dcc6a336d0, 0x000001dcc6a34db0,
0x000001dcc6a4be00, 0x000001dcc6cadc50, 0x000001dcc6d64970, 0x000001dd0cedef90,
0x000001dd0d8e1b00, 0x000001dd0d255e50, 0x000001dd0d71c060, 0x000001dd0c5f0f70,
0x000001dd0d8b6320, 0x000001dd0d3fb650, 0x000001dd0da02560, 0x000001dd0da05350,
0x000001dd0da03fa0, 0x000001dd0da04cc0, 0x000001dd0da059e0, 0x000001dd0da03280,
0x000001dd0da04630, 0x000001dd0da03910, 0x000001dd0f4d5f80, 0x000001dd0f4d86e0,
0x000001dd0f4d4540, 0x000001dd0f4d4bd0, 0x000001dd0f4da120, 0x000001dd0f4da7b0,
0x000001dd0f4db4d0, 0x000001dd0f4d6ca0, 0x000001dd0fbe5350, 0x000001dd0fbe59e0,
0x000001dd0fbe6070, 0x000001dd0fbe6d90, 0x000001dd0fbe7420, 0x000001dd0fbe8140,
0x000001dd0fbe8e60, 0x000001dd0c7d5410, 0x000001dd0c7d2620, 0x000001dd0c7d3340,
0x000001dd0c7ce480, 0x000001dd0c7d1f90, 0x000001dd0c7cf830, 0x000001dd0c7d0be0,
0x000001dd1443bb30, 0x000001dd1443e290, 0x000001dd1443d570, 0x000001dd1443dc00,
0x000001dd1443ae10, 0x000001dd0e436ee0, 0x000001dd0e4361c0, 0x000001dd0fbe94f0,
0x000001dd0c7d1270, 0x000001dd1152d460, 0x000001dd1152e810, 0x000001dd1152e180,
0x000001dd11528c30, 0x000001dd11529950, 0x000001dd1152ba20, 0x000001dd115292c0,
0x000001dd215ec680, 0x000001dd215ed3a0, 0x000001dd215eb2d0, 0x000001dd1443b4a0,
0x000001dd0c7d0550, 0x000001dd228369c0, 0x000001dd22835610, 0x000001dd22837050,
0x000001dd22833bd0, 0x000001dd22832eb0, 0x000001dd22834260, 0x000001dd22832820,
0x000001dd22838a90, 0x000001dd22839e40, 0x000001dd22839120, 0x000001dd228397b0,
0x000001dd228348f0, 0x000001dd22834f80, 0x000001dd215ef470, 0x000001dd215ea5b0,
0x000001dd22064c10, 0x000001dd220652a0, 0x000001dd22066650, 0x000001dd22064580,
0x000001dd21387d70, 0x000001dd2138b1f0, 0x000001dd213897b0, 0x000001dd21388a90,
0x000001dd2138ab60, 0x000001dd27bcffe0, 0x000001dd27bce5a0, 0x000001dd27bc9050,
0x000001dd27bca400, 0x000001dd27bcb7b0, 0x000001dd27bc89c0, 0x000001dd27bd0670,
0x000001dd27bcaa90, 0x000001dd27cd6ca0, 0x000001dd27cd9400, 0x000001dd27cd7330,
0x000001dd27cd6610, 0x000001dd27cde950, 0x000001dd27cd86e0, 0x000001dd22065fc0,
0x000001dd22066ce0
}

Java Threads: ( => current thread )
  0x000001dca5f67a10 JavaThread "main"                              [_thread_blocked, id=2076, stack(0x0000003de0e00000,0x0000003de0f00000) (1024K)]
  0x000001dcc6a29e00 JavaThread "Reference Handler"          daemon [_thread_blocked, id=7756, stack(0x0000003de1600000,0x0000003de1700000) (1024K)]
  0x000001dcc6a2ad20 JavaThread "Finalizer"                  daemon [_thread_blocked, id=8884, stack(0x0000003de1700000,0x0000003de1800000) (1024K)]
  0x000001dcc6a317b0 JavaThread "Signal Dispatcher"          daemon [_thread_blocked, id=11976, stack(0x0000003de1800000,0x0000003de1900000) (1024K)]
  0x000001dcc6a32210 JavaThread "Attach Listener"            daemon [_thread_blocked, id=5888, stack(0x0000003de1900000,0x0000003de1a00000) (1024K)]
  0x000001dcc6a32c70 JavaThread "Service Thread"             daemon [_thread_blocked, id=6260, stack(0x0000003de1a00000,0x0000003de1b00000) (1024K)]
  0x000001dcc6a336d0 JavaThread "Monitor Deflation Thread"   daemon [_thread_blocked, id=10564, stack(0x0000003de1b00000,0x0000003de1c00000) (1024K)]
=>0x000001dcc6a34db0 JavaThread "C2 CompilerThread0"         daemon [_thread_in_native, id=12312, stack(0x0000003de1c00000,0x0000003de1d00000) (1024K)]
  0x000001dcc6a4be00 JavaThread "C1 CompilerThread0"         daemon [_thread_blocked, id=5060, stack(0x0000003de1d00000,0x0000003de1e00000) (1024K)]
  0x000001dcc6cadc50 JavaThread "Common-Cleaner"             daemon [_thread_blocked, id=6700, stack(0x0000003de1e00000,0x0000003de1f00000) (1024K)]
  0x000001dcc6d64970 JavaThread "Notification Thread"        daemon [_thread_blocked, id=11868, stack(0x0000003de1f00000,0x0000003de2000000) (1024K)]
  0x000001dd0cedef90 JavaThread "Daemon health stats"               [_thread_blocked, id=12176, stack(0x0000003de2400000,0x0000003de2500000) (1024K)]
  0x000001dd0d8e1b00 JavaThread "Incoming local TCP Connector on port 63097"        [_thread_in_native, id=7692, stack(0x0000003de2500000,0x0000003de2600000) (1024K)]
  0x000001dd0d255e50 JavaThread "Daemon periodic checks"            [_thread_blocked, id=2996, stack(0x0000003de2600000,0x0000003de2700000) (1024K)]
  0x000001dd0d71c060 JavaThread "Daemon"                            [_thread_blocked, id=14348, stack(0x0000003de2700000,0x0000003de2800000) (1024K)]
  0x000001dd0c5f0f70 JavaThread "Handler for socket connection from /127.0.0.1:63097 to /127.0.0.1:63098"        [_thread_in_native, id=10732, stack(0x0000003de2800000,0x0000003de2900000) (1024K)]
  0x000001dd0d8b6320 JavaThread "Cancel handler"                    [_thread_blocked, id=15344, stack(0x0000003de2900000,0x0000003de2a00000) (1024K)]
  0x000001dd0d3fb650 JavaThread "Daemon worker"                     [_thread_blocked, id=1392, stack(0x0000003de2a00000,0x0000003de2b00000) (1024K)]
  0x000001dd0da02560 JavaThread "Asynchronous log dispatcher for DefaultDaemonConnection: socket connection from /127.0.0.1:63097 to /127.0.0.1:63098"        [_thread_blocked, id=11088, stack(0x0000003de2b00000,0x0000003de2c00000) (1024K)]
  0x000001dd0da05350 JavaThread "Stdin handler"                     [_thread_blocked, id=4688, stack(0x0000003de2c00000,0x0000003de2d00000) (1024K)]
  0x000001dd0da03fa0 JavaThread "Daemon client event forwarder"        [_thread_blocked, id=8372, stack(0x0000003de2d00000,0x0000003de2e00000) (1024K)]
  0x000001dd0da04cc0 JavaThread "Cache worker for journal cache (C:\Users\Fardeen Khan\.gradle\caches\journal-1)"        [_thread_blocked, id=1272, stack(0x0000003de2e00000,0x0000003de2f00000) (1024K)]
  0x000001dd0da059e0 JavaThread "File lock request listener"        [_thread_in_native, id=12004, stack(0x0000003de2f00000,0x0000003de3000000) (1024K)]
  0x000001dd0da03280 JavaThread "Cache worker for file hash cache (C:\Users\Fardeen Khan\.gradle\caches\8.5\fileHashes)"        [_thread_blocked, id=3324, stack(0x0000003de3000000,0x0000003de3100000) (1024K)]
  0x000001dd0da04630 JavaThread "File watcher server"        daemon [_thread_in_native, id=5024, stack(0x0000003de3100000,0x0000003de3200000) (1024K)]
  0x000001dd0da03910 JavaThread "File watcher consumer"      daemon [_thread_blocked, id=11940, stack(0x0000003de3200000,0x0000003de3300000) (1024K)]
  0x000001dd0f4d5f80 JavaThread "Cache worker for checksums cache (E:\Projects\Freelense assignment\Novel android\novel\frontend\new_frontend\android\.gradle\8.5\checksums)"        [_thread_blocked, id=9988, stack(0x0000003de3300000,0x0000003de3400000) (1024K)]
  0x000001dd0f4d86e0 JavaThread "Cache worker for file hash cache (E:\Projects\Freelense assignment\Novel android\novel\frontend\new_frontend\android\.gradle\8.5\fileHashes)"        [_thread_blocked, id=8188, stack(0x0000003de3400000,0x0000003de3500000) (1024K)]
  0x000001dd0f4d4540 JavaThread "Cache worker for cache directory md-supplier (C:\Users\Fardeen Khan\.gradle\caches\8.5\md-supplier)"        [_thread_blocked, id=1872, stack(0x0000003de2000000,0x0000003de2100000) (1024K)]
  0x000001dd0f4d4bd0 JavaThread "Cache worker for cache directory md-rule (C:\Users\Fardeen Khan\.gradle\caches\8.5\md-rule)"        [_thread_blocked, id=7100, stack(0x0000003de3500000,0x0000003de3600000) (1024K)]
  0x000001dd0f4da120 JavaThread "Cache worker for file content cache (C:\Users\Fardeen Khan\.gradle\caches\8.5\fileContent)"        [_thread_blocked, id=8440, stack(0x0000003de3600000,0x0000003de3700000) (1024K)]
  0x000001dd0f4da7b0 JavaThread "Cache worker for execution history cache (C:\Users\Fardeen Khan\.gradle\caches\8.5\executionHistory)"        [_thread_blocked, id=15056, stack(0x0000003de3700000,0x0000003de3800000) (1024K)]
  0x000001dd0f4db4d0 JavaThread "jar transforms"                    [_thread_blocked, id=3036, stack(0x0000003de3900000,0x0000003de3a00000) (1024K)]
  0x000001dd0f4d6ca0 JavaThread "Cache worker for kotlin-dsl (C:\Users\Fardeen Khan\.gradle\caches\8.5\kotlin-dsl)"        [_thread_blocked, id=14460, stack(0x0000003de3a00000,0x0000003de3b00000) (1024K)]
  0x000001dd0fbe5350 JavaThread "jar transforms Thread 2"           [_thread_blocked, id=14476, stack(0x0000003de0b00000,0x0000003de0c00000) (1024K)]
  0x000001dd0fbe59e0 JavaThread "jar transforms Thread 3"           [_thread_blocked, id=1016, stack(0x0000003de0c00000,0x0000003de0d00000) (1024K)]
  0x000001dd0fbe6070 JavaThread "Cache worker for dependencies-accessors (E:\Projects\Freelense assignment\Novel android\novel\frontend\new_frontend\android\.gradle\8.5\dependencies-accessors)"        [_thread_blocked, id=10852, stack(0x0000003de0d00000,0x0000003de0e00000) (1024K)]
  0x000001dd0fbe6d90 JavaThread "Cache worker for Build Output Cleanup Cache (C:\flutter_sdk\flutter\packages\flutter_tools\gradle\.gradle\buildOutputCleanup)"        [_thread_blocked, id=580, stack(0x0000003de3800000,0x0000003de3900000) (1024K)]
  0x000001dd0fbe7420 JavaThread "Kotlin DSL Writer"                 [_thread_blocked, id=9400, stack(0x0000003de3b00000,0x0000003de3c00000) (1024K)]
  0x000001dd0fbe8140 JavaThread "jar transforms Thread 4"           [_thread_blocked, id=11784, stack(0x0000003de3c00000,0x0000003de3d00000) (1024K)]
  0x000001dd0fbe8e60 JavaThread "Memory manager"                    [_thread_blocked, id=14712, stack(0x0000003de3d00000,0x0000003de3e00000) (1024K)]
  0x000001dd0c7d5410 JavaThread "Execution worker"                  [_thread_blocked, id=14616, stack(0x0000003de4200000,0x0000003de4300000) (1024K)]
  0x000001dd0c7d2620 JavaThread "Execution worker Thread 2"         [_thread_blocked, id=6020, stack(0x0000003de4300000,0x0000003de4400000) (1024K)]
  0x000001dd0c7d3340 JavaThread "Execution worker Thread 3"         [_thread_in_Java, id=14380, stack(0x0000003de4400000,0x0000003de4500000) (1024K)]
  0x000001dd0c7ce480 JavaThread "Cache worker for execution history cache (C:\flutter_sdk\flutter\packages\flutter_tools\gradle\.gradle\8.5\executionHistory)"        [_thread_blocked, id=13392, stack(0x0000003de4000000,0x0000003de4100000) (1024K)]
  0x000001dd0c7d1f90 JavaThread "Unconstrained build operations"        [_thread_blocked, id=15292, stack(0x0000003de4500000,0x0000003de4600000) (1024K)]
  0x000001dd0c7cf830 JavaThread "Unconstrained build operations Thread 2"        [_thread_blocked, id=9784, stack(0x0000003de4600000,0x0000003de4700000) (1024K)]
  0x000001dd0c7d0be0 JavaThread "Unconstrained build operations Thread 3"        [_thread_blocked, id=6372, stack(0x0000003de4700000,0x0000003de4800000) (1024K)]
  0x000001dd1443bb30 JavaThread "Unconstrained build operations Thread 4"        [_thread_blocked, id=4284, stack(0x0000003de3e00000,0x0000003de3f00000) (1024K)]
  0x000001dd1443e290 JavaThread "Unconstrained build operations Thread 5"        [_thread_blocked, id=11832, stack(0x0000003de4800000,0x0000003de4900000) (1024K)]
  0x000001dd1443d570 JavaThread "Unconstrained build operations Thread 6"        [_thread_blocked, id=13272, stack(0x0000003de4900000,0x0000003de4a00000) (1024K)]
  0x000001dd1443dc00 JavaThread "Unconstrained build operations Thread 7"        [_thread_blocked, id=2112, stack(0x0000003de4b00000,0x0000003de4c00000) (1024K)]
  0x000001dd1443ae10 JavaThread "Unconstrained build operations Thread 8"        [_thread_blocked, id=11624, stack(0x0000003de4f00000,0x0000003de5000000) (1024K)]
  0x000001dd0e436ee0 JavaThread "Unconstrained build operations Thread 9"        [_thread_blocked, id=14744, stack(0x0000003de5000000,0x0000003de5100000) (1024K)]
  0x000001dd0e4361c0 JavaThread "Unconstrained build operations Thread 10"        [_thread_blocked, id=4576, stack(0x0000003de5100000,0x0000003de5200000) (1024K)]
  0x000001dd0fbe94f0 JavaThread "Unconstrained build operations Thread 11"        [_thread_blocked, id=9548, stack(0x0000003de5400000,0x0000003de5500000) (1024K)]
  0x000001dd0c7d1270 JavaThread "Unconstrained build operations Thread 12"        [_thread_blocked, id=4584, stack(0x0000003de5500000,0x0000003de5600000) (1024K)]
  0x000001dd1152d460 JavaThread "Unconstrained build operations Thread 13"        [_thread_blocked, id=1852, stack(0x0000003de5600000,0x0000003de5700000) (1024K)]
  0x000001dd1152e810 JavaThread "Unconstrained build operations Thread 14"        [_thread_blocked, id=9556, stack(0x0000003de5700000,0x0000003de5800000) (1024K)]
  0x000001dd1152e180 JavaThread "Unconstrained build operations Thread 15"        [_thread_blocked, id=14668, stack(0x0000003de5800000,0x0000003de5900000) (1024K)]
  0x000001dd11528c30 JavaThread "Unconstrained build operations Thread 16"        [_thread_blocked, id=6460, stack(0x0000003de5900000,0x0000003de5a00000) (1024K)]
  0x000001dd11529950 JavaThread "Unconstrained build operations Thread 17"        [_thread_blocked, id=10308, stack(0x0000003de4c00000,0x0000003de4d00000) (1024K)]
  0x000001dd1152ba20 JavaThread "Unconstrained build operations Thread 18"        [_thread_blocked, id=4492, stack(0x0000003de5a00000,0x0000003de5b00000) (1024K)]
  0x000001dd115292c0 JavaThread "Unconstrained build operations Thread 19"        [_thread_blocked, id=14524, stack(0x0000003de5b00000,0x0000003de5c00000) (1024K)]
  0x000001dd215ec680 JavaThread "Cache worker for Build Output Cleanup Cache (E:\Projects\Freelense assignment\Novel android\novel\frontend\new_frontend\android\.gradle\buildOutputCleanup)"        [_thread_blocked, id=1592, stack(0x0000003de4e00000,0x0000003de4f00000) (1024K)]
  0x000001dd215ed3a0 JavaThread "build event listener"              [_thread_blocked, id=3748, stack(0x0000003de5200000,0x0000003de5300000) (1024K)]
  0x000001dd215eb2d0 JavaThread "Kotlin DSL Writer"                 [_thread_blocked, id=4952, stack(0x0000003de5300000,0x0000003de5400000) (1024K)]
  0x000001dd1443b4a0 JavaThread "Unconstrained build operations Thread 20"        [_thread_in_Java, id=13704, stack(0x0000003de5c00000,0x0000003de5d00000) (1024K)]
  0x000001dd0c7d0550 JavaThread "Unconstrained build operations Thread 21"        [_thread_blocked, id=13472, stack(0x0000003de5d00000,0x0000003de5e00000) (1024K)]
  0x000001dd228369c0 JavaThread "Unconstrained build operations Thread 22"        [_thread_blocked, id=1888, stack(0x0000003de5e00000,0x0000003de5f00000) (1024K)]
  0x000001dd22835610 JavaThread "Unconstrained build operations Thread 23"        [_thread_blocked, id=9772, stack(0x0000003de5f00000,0x0000003de6000000) (1024K)]
  0x000001dd22837050 JavaThread "Unconstrained build operations Thread 24"        [_thread_blocked, id=5952, stack(0x0000003de6000000,0x0000003de6100000) (1024K)]
  0x000001dd22833bd0 JavaThread "Unconstrained build operations Thread 25"        [_thread_in_Java, id=11588, stack(0x0000003de6100000,0x0000003de6200000) (1024K)]
  0x000001dd22832eb0 JavaThread "Unconstrained build operations Thread 26"        [_thread_blocked, id=2440, stack(0x0000003de6200000,0x0000003de6300000) (1024K)]
  0x000001dd22834260 JavaThread "Unconstrained build operations Thread 27"        [_thread_blocked, id=10784, stack(0x0000003de6300000,0x0000003de6400000) (1024K)]
  0x000001dd22832820 JavaThread "Unconstrained build operations Thread 28"        [_thread_blocked, id=11884, stack(0x0000003de6400000,0x0000003de6500000) (1024K)]
  0x000001dd22838a90 JavaThread "Unconstrained build operations Thread 29"        [_thread_blocked, id=1300, stack(0x0000003de6500000,0x0000003de6600000) (1024K)]
  0x000001dd22839e40 JavaThread "Unconstrained build operations Thread 30"        [_thread_blocked, id=6716, stack(0x0000003de6600000,0x0000003de6700000) (1024K)]
  0x000001dd22839120 JavaThread "Unconstrained build operations Thread 31"        [_thread_blocked, id=11132, stack(0x0000003de6700000,0x0000003de6800000) (1024K)]
  0x000001dd228397b0 JavaThread "Unconstrained build operations Thread 32"        [_thread_blocked, id=12768, stack(0x0000003de6800000,0x0000003de6900000) (1024K)]
  0x000001dd228348f0 JavaThread "Unconstrained build operations Thread 33"        [_thread_blocked, id=3780, stack(0x0000003de6900000,0x0000003de6a00000) (1024K)]
  0x000001dd22834f80 JavaThread "Unconstrained build operations Thread 34"        [_thread_blocked, id=6688, stack(0x0000003de6a00000,0x0000003de6b00000) (1024K)]
  0x000001dd215ef470 JavaThread "Unconstrained build operations Thread 35"        [_thread_blocked, id=5640, stack(0x0000003de6b00000,0x0000003de6c00000) (1024K)]
  0x000001dd215ea5b0 JavaThread "Unconstrained build operations Thread 36"        [_thread_blocked, id=2444, stack(0x0000003de6c00000,0x0000003de6d00000) (1024K)]
  0x000001dd22064c10 JavaThread "Unconstrained build operations Thread 37"        [_thread_blocked, id=15224, stack(0x0000003de6d00000,0x0000003de6e00000) (1024K)]
  0x000001dd220652a0 JavaThread "Unconstrained build operations Thread 38"        [_thread_blocked, id=9232, stack(0x0000003de4100000,0x0000003de4200000) (1024K)]
  0x000001dd22066650 JavaThread "Unconstrained build operations Thread 39"        [_thread_blocked, id=14084, stack(0x0000003de6e00000,0x0000003de6f00000) (1024K)]
  0x000001dd22064580 JavaThread "Unconstrained build operations Thread 40"        [_thread_blocked, id=14484, stack(0x0000003de6f00000,0x0000003de7000000) (1024K)]
  0x000001dd21387d70 JavaThread "included builds Thread 2"          [_thread_blocked, id=2764, stack(0x0000003de7100000,0x0000003de7200000) (1024K)]
  0x000001dd2138b1f0 JavaThread "Cache worker for execution history cache (E:\Projects\Freelense assignment\Novel android\novel\frontend\new_frontend\android\.gradle\8.5\executionHistory)"        [_thread_blocked, id=11808, stack(0x0000003de4d00000,0x0000003de4e00000) (1024K)]
  0x000001dd213897b0 JavaThread "WorkerExecutor Queue Thread 2"        [_thread_blocked, id=8808, stack(0x0000003de7700000,0x0000003de7800000) (1024K)]
  0x000001dd21388a90 JavaThread "WorkerExecutor Queue Thread 3"        [_thread_blocked, id=12536, stack(0x0000003de7800000,0x0000003de7900000) (1024K)]
  0x000001dd2138ab60 JavaThread "WorkerExecutor Queue Thread 4"        [_thread_in_native, id=6936, stack(0x0000003de7900000,0x0000003de7a00000) (1024K)]
  0x000001dd27bcffe0 JavaThread "WorkerExecutor Queue Thread 6"        [_thread_blocked, id=12764, stack(0x0000003de7a00000,0x0000003de7b00000) (1024K)]
  0x000001dd27bce5a0 JavaThread "Cache worker for Java compile cache (C:\Users\Fardeen Khan\.gradle\caches\8.5\javaCompile)"        [_thread_blocked, id=7340, stack(0x0000003de7600000,0x0000003de7700000) (1024K)]
  0x000001dd27bc9050 JavaThread "Build operations"                  [_thread_blocked, id=5476, stack(0x0000003de7b00000,0x0000003de7c00000) (1024K)]
  0x000001dd27bca400 JavaThread "Build operations Thread 2"         [_thread_blocked, id=2408, stack(0x0000003de7c00000,0x0000003de7d00000) (1024K)]
  0x000001dd27bcb7b0 JavaThread "Build operations Thread 3"         [_thread_blocked, id=14212, stack(0x0000003de7d00000,0x0000003de7e00000) (1024K)]
  0x000001dd27bc89c0 JavaThread "pool-4-thread-1"                   [_thread_blocked, id=9392, stack(0x0000003de7e00000,0x0000003de7f00000) (1024K)]
  0x000001dd27bd0670 JavaThread "stderr"                            [_thread_in_native, id=11704, stack(0x0000003de7f00000,0x0000003de8000000) (1024K)]
  0x000001dd27bcaa90 JavaThread "stdout"                            [_thread_in_native, id=15316, stack(0x0000003de8000000,0x0000003de8100000) (1024K)]
  0x000001dd27cd6ca0 JavaThread "RMI Scheduler(0)"           daemon [_thread_blocked, id=8544, stack(0x0000003de4a00000,0x0000003de4b00000) (1024K)]
  0x000001dd27cd9400 JavaThread "RMI GC Daemon"              daemon [_thread_blocked, id=7268, stack(0x0000003de7200000,0x0000003de7300000) (1024K)]
  0x000001dd27cd7330 JavaThread "RMI TCP Accept-0"           daemon [_thread_in_native, id=13608, stack(0x0000003de7300000,0x0000003de7400000) (1024K)]
  0x000001dd27cd6610 JavaThread "RMI Reaper"                        [_thread_blocked, id=14844, stack(0x0000003de7400000,0x0000003de7500000) (1024K)]
  0x000001dd27cde950 JavaThread "RMI TCP Connection(2)-127.0.0.1" daemon [_thread_in_native, id=8524, stack(0x0000003de7500000,0x0000003de7600000) (1024K)]
  0x000001dd27cd86e0 JavaThread "Build operations Thread 4"         [_thread_blocked, id=12132, stack(0x0000003de8200000,0x0000003de8300000) (1024K)]
  0x000001dd22065fc0 JavaThread "RMI RenewClean-[127.0.0.1:17237,org.jetbrains.kotlin.daemon.common.LoopbackNetworkInterface$ClientLoopbackSocketFactory@67463ee1]" daemon [_thread_blocked, id=7344, stack(0x0000003de8100000,0x0000003de8200000) (1024K)]
  0x000001dd22066ce0 JavaThread "RMI TCP Connection(3)-127.0.0.1" daemon [_thread_in_native, id=4816, stack(0x0000003de8300000,0x0000003de8400000) (1024K)]
Total: 109

Other Threads:
  0x000001dcc6a14a80 VMThread "VM Thread"                           [id=1820, stack(0x0000003de1500000,0x0000003de1600000) (1024K)]
  0x000001dcc6a05130 WatcherThread "VM Periodic Task Thread"        [id=14536, stack(0x0000003de1400000,0x0000003de1500000) (1024K)]
  0x000001dca8155130 WorkerThread "GC Thread#0"                     [id=14864, stack(0x0000003de0f00000,0x0000003de1000000) (1024K)]
  0x000001dcc6e5c470 WorkerThread "GC Thread#1"                     [id=14976, stack(0x0000003de2100000,0x0000003de2200000) (1024K)]
  0x000001dcc6ed4790 WorkerThread "GC Thread#2"                     [id=14856, stack(0x0000003de2200000,0x0000003de2300000) (1024K)]
  0x000001dd0c965600 WorkerThread "GC Thread#3"                     [id=1428, stack(0x0000003de2300000,0x0000003de2400000) (1024K)]
  0x000001dca81662d0 ConcurrentGCThread "G1 Main Marker"            [id=5636, stack(0x0000003de1000000,0x0000003de1100000) (1024K)]
  0x000001dca8167580 WorkerThread "G1 Conc#0"                       [id=6496, stack(0x0000003de1100000,0x0000003de1200000) (1024K)]
  0x000001dca81ae290 ConcurrentGCThread "G1 Refine#0"               [id=1868, stack(0x0000003de1200000,0x0000003de1300000) (1024K)]
  0x000001dcc68d40c0 ConcurrentGCThread "G1 Service"                [id=8204, stack(0x0000003de1300000,0x0000003de1400000) (1024K)]
Total: 10

Threads with active compile tasks:
C2 CompilerThread0   595889 46599 %     4       com.android.tools.r8.internal.Ha::a @ 1315 (6329 bytes)
Total: 1

VM state: not at safepoint (normal execution)

VM Mutex/Monitor currently owned by a thread: None

Heap address: 0x0000000700000000, size: 4096 MB, Compressed Oops mode: Zero based, Oop shift amount: 3

CDS archive(s) mapped at: [0x000001dcc7000000-0x000001dcc7c90000-0x000001dcc7c90000), size 13172736, SharedBaseAddress: 0x000001dcc7000000, ArchiveRelocationMode: 1.
Compressed class space mapped at: 0x000001dcc8000000-0x000001dd08000000, reserved size: 1073741824
Narrow klass base: 0x000001dcc7000000, Narrow klass shift: 0, Narrow klass range: 0x100000000

GC Precious Log:
 CardTable entry size: 512
 Card Set container configuration: InlinePtr #cards 4 size 8 Array Of Cards #cards 16 size 48 Howl #buckets 8 coarsen threshold 3686 Howl Bitmap #cards 512 size 80 coarsen threshold 460 Card regions per heap region 1 cards per card region 4096
 CPUs: 4 total, 4 available
 Memory: 8099M
 Large Page Support: Disabled
 NUMA Support: Disabled
 Compressed Oops: Enabled (Zero based)
 Heap Region Size: 2M
 Heap Min Capacity: 8M
 Heap Initial Capacity: 128M
 Heap Max Capacity: 4G
 Pre-touch: Disabled
 Parallel Workers: 4
 Concurrent Workers: 1
 Concurrent Refinement Workers: 4
 Periodic GC: Disabled

Heap:
 garbage-first heap   total 1421312K, used 751055K [0x0000000700000000, 0x0000000800000000)
  region size 2048K, 251 young (514048K), 18 survivors (36864K)
 Metaspace       used 238106K, committed 241536K, reserved 1310720K
  class space    used 29595K, committed 31296K, reserved 1048576K

Heap Regions: E=young(eden), S=young(survivor), O=old, HS=humongous(starts), HC=humongous(continues), CS=collection set, F=free, TAMS=top-at-mark-start, PB=parsable bottom
|   0|0x0000000700000000, 0x0000000700200000, 0x0000000700200000|100%|HS|  |TAMS 0x0000000700000000| PB 0x0000000700000000| Complete 
|   1|0x0000000700200000, 0x0000000700400000, 0x0000000700400000|100%|HC|  |TAMS 0x0000000700200000| PB 0x0000000700200000| Complete 
|   2|0x0000000700400000, 0x0000000700600000, 0x0000000700600000|100%| O|  |TAMS 0x0000000700400000| PB 0x0000000700400000| Untracked 
|   3|0x0000000700600000, 0x0000000700800000, 0x0000000700800000|100%| O|  |TAMS 0x0000000700600000| PB 0x0000000700600000| Untracked 
|   4|0x0000000700800000, 0x0000000700a00000, 0x0000000700a00000|100%| O|  |TAMS 0x0000000700800000| PB 0x0000000700800000| Untracked 
|   5|0x0000000700a00000, 0x0000000700c00000, 0x0000000700c00000|100%| O|  |TAMS 0x0000000700a00000| PB 0x0000000700a00000| Untracked 
|   6|0x0000000700c00000, 0x0000000700e00000, 0x0000000700e00000|100%| O|  |TAMS 0x0000000700c00000| PB 0x0000000700c00000| Untracked 
|   7|0x0000000700e00000, 0x0000000701000000, 0x0000000701000000|100%| O|  |TAMS 0x0000000700e00000| PB 0x0000000700e00000| Untracked 
|   8|0x0000000701000000, 0x0000000701200000, 0x0000000701200000|100%| O|  |TAMS 0x0000000701000000| PB 0x0000000701000000| Untracked 
|   9|0x0000000701200000, 0x0000000701400000, 0x0000000701400000|100%| O|  |TAMS 0x0000000701200000| PB 0x0000000701200000| Untracked 
|  10|0x0000000701400000, 0x0000000701600000, 0x0000000701600000|100%| O|  |TAMS 0x0000000701400000| PB 0x0000000701400000| Untracked 
|  11|0x0000000701600000, 0x0000000701800000, 0x0000000701800000|100%| O|  |TAMS 0x0000000701600000| PB 0x0000000701600000| Untracked 
|  12|0x0000000701800000, 0x0000000701a00000, 0x0000000701a00000|100%| O|  |TAMS 0x0000000701800000| PB 0x0000000701800000| Untracked 
|  13|0x0000000701a00000, 0x0000000701c00000, 0x0000000701c00000|100%| O|  |TAMS 0x0000000701a00000| PB 0x0000000701a00000| Untracked 
|  14|0x0000000701c00000, 0x0000000701e00000, 0x0000000701e00000|100%| O|  |TAMS 0x0000000701c00000| PB 0x0000000701c00000| Untracked 
|  15|0x0000000701e00000, 0x0000000702000000, 0x0000000702000000|100%| O|  |TAMS 0x0000000701e00000| PB 0x0000000701e00000| Untracked 
|  16|0x0000000702000000, 0x0000000702200000, 0x0000000702200000|100%| O|  |TAMS 0x0000000702000000| PB 0x0000000702000000| Untracked 
|  17|0x0000000702200000, 0x0000000702400000, 0x0000000702400000|100%| O|  |TAMS 0x0000000702200000| PB 0x0000000702200000| Untracked 
|  18|0x0000000702400000, 0x0000000702600000, 0x0000000702600000|100%| O|  |TAMS 0x0000000702400000| PB 0x0000000702400000| Untracked 
|  19|0x0000000702600000, 0x0000000702800000, 0x0000000702800000|100%| O|  |TAMS 0x0000000702600000| PB 0x0000000702600000| Untracked 
|  20|0x0000000702800000, 0x0000000702a00000, 0x0000000702a00000|100%| O|  |TAMS 0x0000000702800000| PB 0x0000000702800000| Untracked 
|  21|0x0000000702a00000, 0x0000000702c00000, 0x0000000702c00000|100%| O|  |TAMS 0x0000000702a00000| PB 0x0000000702a00000| Untracked 
|  22|0x0000000702c00000, 0x0000000702e00000, 0x0000000702e00000|100%| O|  |TAMS 0x0000000702c00000| PB 0x0000000702c00000| Untracked 
|  23|0x0000000702e00000, 0x0000000703000000, 0x0000000703000000|100%| O|  |TAMS 0x0000000702e00000| PB 0x0000000702e00000| Untracked 
|  24|0x0000000703000000, 0x0000000703200000, 0x0000000703200000|100%| O|  |TAMS 0x0000000703000000| PB 0x0000000703000000| Untracked 
|  25|0x0000000703200000, 0x0000000703400000, 0x0000000703400000|100%| O|  |TAMS 0x0000000703200000| PB 0x0000000703200000| Untracked 
|  26|0x0000000703400000, 0x0000000703600000, 0x0000000703600000|100%| O|  |TAMS 0x0000000703400000| PB 0x0000000703400000| Untracked 
|  27|0x0000000703600000, 0x0000000703800000, 0x0000000703800000|100%| O|  |TAMS 0x0000000703600000| PB 0x0000000703600000| Untracked 
|  28|0x0000000703800000, 0x0000000703a00000, 0x0000000703a00000|100%| O|  |TAMS 0x0000000703800000| PB 0x0000000703800000| Untracked 
|  29|0x0000000703a00000, 0x0000000703c00000, 0x0000000703c00000|100%| O|  |TAMS 0x0000000703a00000| PB 0x0000000703a00000| Untracked 
|  30|0x0000000703c00000, 0x0000000703e00000, 0x0000000703e00000|100%| O|  |TAMS 0x0000000703c00000| PB 0x0000000703c00000| Untracked 
|  31|0x0000000703e00000, 0x0000000704000000, 0x0000000704000000|100%| O|  |TAMS 0x0000000703e00000| PB 0x0000000703e00000| Untracked 
|  32|0x0000000704000000, 0x0000000704200000, 0x0000000704200000|100%| O|  |TAMS 0x0000000704000000| PB 0x0000000704000000| Untracked 
|  33|0x0000000704200000, 0x0000000704400000, 0x0000000704400000|100%| O|  |TAMS 0x0000000704200000| PB 0x0000000704200000| Untracked 
|  34|0x0000000704400000, 0x0000000704600000, 0x0000000704600000|100%| O|  |TAMS 0x0000000704400000| PB 0x0000000704400000| Untracked 
|  35|0x0000000704600000, 0x0000000704800000, 0x0000000704800000|100%|HS|  |TAMS 0x0000000704600000| PB 0x0000000704600000| Complete 
|  36|0x0000000704800000, 0x0000000704a00000, 0x0000000704a00000|100%| O|  |TAMS 0x0000000704800000| PB 0x0000000704800000| Untracked 
|  37|0x0000000704a00000, 0x0000000704c00000, 0x0000000704c00000|100%| O|  |TAMS 0x0000000704a00000| PB 0x0000000704a00000| Untracked 
|  38|0x0000000704c00000, 0x0000000704e00000, 0x0000000704e00000|100%| O|  |TAMS 0x0000000704c00000| PB 0x0000000704c00000| Untracked 
|  39|0x0000000704e00000, 0x0000000705000000, 0x0000000705000000|100%|HS|  |TAMS 0x0000000704e00000| PB 0x0000000704e00000| Complete 
|  40|0x0000000705000000, 0x0000000705200000, 0x0000000705200000|100%|HC|  |TAMS 0x0000000705000000| PB 0x0000000705000000| Complete 
|  41|0x0000000705200000, 0x000000070539e900, 0x0000000705400000| 80%| O|  |TAMS 0x0000000705200000| PB 0x0000000705200000| Untracked 
|  42|0x0000000705400000, 0x0000000705600000, 0x0000000705600000|100%|HS|  |TAMS 0x0000000705400000| PB 0x0000000705400000| Complete 
|  43|0x0000000705600000, 0x0000000705800000, 0x0000000705800000|100%| O|  |TAMS 0x0000000705600000| PB 0x0000000705600000| Untracked 
|  44|0x0000000705800000, 0x0000000705a00000, 0x0000000705a00000|100%| O|  |TAMS 0x0000000705800000| PB 0x0000000705800000| Untracked 
|  45|0x0000000705a00000, 0x0000000705c00000, 0x0000000705c00000|100%| O|  |TAMS 0x0000000705a00000| PB 0x0000000705a00000| Untracked 
|  46|0x0000000705c00000, 0x0000000705e00000, 0x0000000705e00000|100%| O|  |TAMS 0x0000000705c00000| PB 0x0000000705c00000| Untracked 
|  47|0x0000000705e00000, 0x0000000706000000, 0x0000000706000000|100%|HS|  |TAMS 0x0000000705e00000| PB 0x0000000705e00000| Complete 
|  48|0x0000000706000000, 0x0000000706200000, 0x0000000706200000|100%|HS|  |TAMS 0x0000000706000000| PB 0x0000000706000000| Complete 
|  49|0x0000000706200000, 0x0000000706400000, 0x0000000706400000|100%|HC|  |TAMS 0x0000000706200000| PB 0x0000000706200000| Complete 
|  50|0x0000000706400000, 0x0000000706600000, 0x0000000706600000|100%| O|  |TAMS 0x0000000706400000| PB 0x0000000706400000| Untracked 
|  51|0x0000000706600000, 0x0000000706800000, 0x0000000706800000|100%| O|  |TAMS 0x0000000706600000| PB 0x0000000706600000| Untracked 
|  52|0x0000000706800000, 0x0000000706a00000, 0x0000000706a00000|100%| O|  |TAMS 0x0000000706800000| PB 0x0000000706800000| Untracked 
|  53|0x0000000706a00000, 0x0000000706c00000, 0x0000000706c00000|100%| O|  |TAMS 0x0000000706a00000| PB 0x0000000706a00000| Untracked 
|  54|0x0000000706c00000, 0x0000000706e00000, 0x0000000706e00000|100%| O|  |TAMS 0x0000000706c00000| PB 0x0000000706c00000| Untracked 
|  55|0x0000000706e00000, 0x0000000707000000, 0x0000000707000000|100%| O|  |TAMS 0x0000000706e00000| PB 0x0000000706e00000| Untracked 
|  56|0x0000000707000000, 0x0000000707200000, 0x0000000707200000|100%| O|  |TAMS 0x0000000707000000| PB 0x0000000707000000| Untracked 
|  57|0x0000000707200000, 0x0000000707400000, 0x0000000707400000|100%| O|  |TAMS 0x0000000707200000| PB 0x0000000707200000| Untracked 
|  58|0x0000000707400000, 0x0000000707600000, 0x0000000707600000|100%| O|  |TAMS 0x0000000707400000| PB 0x0000000707400000| Untracked 
|  59|0x0000000707600000, 0x0000000707800000, 0x0000000707800000|100%|HS|  |TAMS 0x0000000707600000| PB 0x0000000707600000| Complete 
|  60|0x0000000707800000, 0x0000000707800000, 0x0000000707a00000|  0%| F|  |TAMS 0x0000000707800000| PB 0x0000000707800000| Untracked 
|  61|0x0000000707a00000, 0x0000000707c00000, 0x0000000707c00000|100%| O|  |TAMS 0x0000000707a00000| PB 0x0000000707a00000| Untracked 
|  62|0x0000000707c00000, 0x0000000707c00000, 0x0000000707e00000|  0%| F|  |TAMS 0x0000000707c00000| PB 0x0000000707c00000| Untracked 
|  63|0x0000000707e00000, 0x0000000708000000, 0x0000000708000000|100%| O|Cm|TAMS 0x0000000707e00000| PB 0x0000000707e00000| Complete 
|  64|0x0000000708000000, 0x0000000708000000, 0x0000000708200000|  0%| F|  |TAMS 0x0000000708000000| PB 0x0000000708000000| Untracked 
|  65|0x0000000708200000, 0x0000000708400000, 0x0000000708400000|100%| O|Cm|TAMS 0x0000000708200000| PB 0x0000000708200000| Complete 
|  66|0x0000000708400000, 0x0000000708600000, 0x0000000708600000|100%| O|  |TAMS 0x0000000708400000| PB 0x0000000708400000| Untracked 
|  67|0x0000000708600000, 0x0000000708800000, 0x0000000708800000|100%| O|  |TAMS 0x0000000708600000| PB 0x0000000708600000| Untracked 
|  68|0x0000000708800000, 0x0000000708a00000, 0x0000000708a00000|100%| O|  |TAMS 0x0000000708800000| PB 0x0000000708800000| Untracked 
|  69|0x0000000708a00000, 0x0000000708c00000, 0x0000000708c00000|100%| O|  |TAMS 0x0000000708a00000| PB 0x0000000708a00000| Untracked 
|  70|0x0000000708c00000, 0x0000000708e00000, 0x0000000708e00000|100%| O|  |TAMS 0x0000000708c00000| PB 0x0000000708c00000| Untracked 
|  71|0x0000000708e00000, 0x0000000709000000, 0x0000000709000000|100%| O|  |TAMS 0x0000000708e00000| PB 0x0000000708e00000| Untracked 
|  72|0x0000000709000000, 0x0000000709200000, 0x0000000709200000|100%| O|  |TAMS 0x0000000709000000| PB 0x0000000709000000| Untracked 
|  73|0x0000000709200000, 0x0000000709400000, 0x0000000709400000|100%| O|  |TAMS 0x0000000709200000| PB 0x0000000709200000| Untracked 
|  74|0x0000000709400000, 0x0000000709600000, 0x0000000709600000|100%| O|  |TAMS 0x0000000709400000| PB 0x0000000709400000| Untracked 
|  75|0x0000000709600000, 0x0000000709800000, 0x0000000709800000|100%| O|  |TAMS 0x0000000709600000| PB 0x0000000709600000| Untracked 
|  76|0x0000000709800000, 0x0000000709a00000, 0x0000000709a00000|100%|HS|  |TAMS 0x0000000709800000| PB 0x0000000709800000| Complete 
|  77|0x0000000709a00000, 0x0000000709a00000, 0x0000000709c00000|  0%| F|  |TAMS 0x0000000709a00000| PB 0x0000000709a00000| Untracked 
|  78|0x0000000709c00000, 0x0000000709c00000, 0x0000000709e00000|  0%| F|  |TAMS 0x0000000709c00000| PB 0x0000000709c00000| Untracked 
|  79|0x0000000709e00000, 0x0000000709e00000, 0x000000070a000000|  0%| F|  |TAMS 0x0000000709e00000| PB 0x0000000709e00000| Untracked 
|  80|0x000000070a000000, 0x000000070a200000, 0x000000070a200000|100%| O|Cm|TAMS 0x000000070a000000| PB 0x000000070a000000| Complete 
|  81|0x000000070a200000, 0x000000070a200000, 0x000000070a400000|  0%| F|  |TAMS 0x000000070a200000| PB 0x000000070a200000| Untracked 
|  82|0x000000070a400000, 0x000000070a400000, 0x000000070a600000|  0%| F|  |TAMS 0x000000070a400000| PB 0x000000070a400000| Untracked 
|  83|0x000000070a600000, 0x000000070a600000, 0x000000070a800000|  0%| F|  |TAMS 0x000000070a600000| PB 0x000000070a600000| Untracked 
|  84|0x000000070a800000, 0x000000070aa00000, 0x000000070aa00000|100%|HS|  |TAMS 0x000000070a800000| PB 0x000000070a800000| Complete 
|  85|0x000000070aa00000, 0x000000070ac00000, 0x000000070ac00000|100%|HC|  |TAMS 0x000000070aa00000| PB 0x000000070aa00000| Complete 
|  86|0x000000070ac00000, 0x000000070ae00000, 0x000000070ae00000|100%| O|  |TAMS 0x000000070ac00000| PB 0x000000070ac00000| Untracked 
|  87|0x000000070ae00000, 0x000000070ae00000, 0x000000070b000000|  0%| F|  |TAMS 0x000000070ae00000| PB 0x000000070ae00000| Untracked 
|  88|0x000000070b000000, 0x000000070b200000, 0x000000070b200000|100%| O|  |TAMS 0x000000070b000000| PB 0x000000070b000000| Untracked 
|  89|0x000000070b200000, 0x000000070b200000, 0x000000070b400000|  0%| F|  |TAMS 0x000000070b200000| PB 0x000000070b200000| Untracked 
|  90|0x000000070b400000, 0x000000070b600000, 0x000000070b600000|100%| O|  |TAMS 0x000000070b400000| PB 0x000000070b400000| Untracked 
|  91|0x000000070b600000, 0x000000070b800000, 0x000000070b800000|100%| O|  |TAMS 0x000000070b600000| PB 0x000000070b600000| Untracked 
|  92|0x000000070b800000, 0x000000070ba00000, 0x000000070ba00000|100%| O|  |TAMS 0x000000070b800000| PB 0x000000070b800000| Untracked 
|  93|0x000000070ba00000, 0x000000070bc00000, 0x000000070bc00000|100%| O|  |TAMS 0x000000070ba00000| PB 0x000000070ba00000| Untracked 
|  94|0x000000070bc00000, 0x000000070be00000, 0x000000070be00000|100%| O|  |TAMS 0x000000070bc00000| PB 0x000000070bc00000| Untracked 
|  95|0x000000070be00000, 0x000000070c000000, 0x000000070c000000|100%| O|  |TAMS 0x000000070be00000| PB 0x000000070be00000| Untracked 
|  96|0x000000070c000000, 0x000000070c200000, 0x000000070c200000|100%| O|  |TAMS 0x000000070c000000| PB 0x000000070c000000| Untracked 
|  97|0x000000070c200000, 0x000000070c400000, 0x000000070c400000|100%| O|  |TAMS 0x000000070c200000| PB 0x000000070c200000| Untracked 
|  98|0x000000070c400000, 0x000000070c600000, 0x000000070c600000|100%| O|  |TAMS 0x000000070c400000| PB 0x000000070c400000| Untracked 
|  99|0x000000070c600000, 0x000000070c800000, 0x000000070c800000|100%| O|  |TAMS 0x000000070c600000| PB 0x000000070c600000| Untracked 
| 100|0x000000070c800000, 0x000000070ca00000, 0x000000070ca00000|100%| O|  |TAMS 0x000000070c800000| PB 0x000000070c800000| Untracked 
| 101|0x000000070ca00000, 0x000000070cc00000, 0x000000070cc00000|100%| O|  |TAMS 0x000000070ca00000| PB 0x000000070ca00000| Untracked 
| 102|0x000000070cc00000, 0x000000070ce00000, 0x000000070ce00000|100%| O|  |TAMS 0x000000070cc00000| PB 0x000000070cc00000| Untracked 
| 103|0x000000070ce00000, 0x000000070d000000, 0x000000070d000000|100%| O|  |TAMS 0x000000070ce00000| PB 0x000000070ce00000| Untracked 
| 104|0x000000070d000000, 0x000000070d200000, 0x000000070d200000|100%| O|  |TAMS 0x000000070d000000| PB 0x000000070d000000| Untracked 
| 105|0x000000070d200000, 0x000000070d400000, 0x000000070d400000|100%| O|  |TAMS 0x000000070d200000| PB 0x000000070d200000| Untracked 
| 106|0x000000070d400000, 0x000000070d600000, 0x000000070d600000|100%| O|  |TAMS 0x000000070d400000| PB 0x000000070d400000| Untracked 
| 107|0x000000070d600000, 0x000000070d800000, 0x000000070d800000|100%| O|  |TAMS 0x000000070d600000| PB 0x000000070d600000| Untracked 
| 108|0x000000070d800000, 0x000000070da00000, 0x000000070da00000|100%| O|  |TAMS 0x000000070d800000| PB 0x000000070d800000| Untracked 
| 109|0x000000070da00000, 0x000000070dc00000, 0x000000070dc00000|100%| O|  |TAMS 0x000000070da00000| PB 0x000000070da00000| Untracked 
| 110|0x000000070dc00000, 0x000000070de00000, 0x000000070de00000|100%| O|  |TAMS 0x000000070dc00000| PB 0x000000070dc00000| Untracked 
| 111|0x000000070de00000, 0x000000070e000000, 0x000000070e000000|100%| O|  |TAMS 0x000000070de00000| PB 0x000000070de00000| Untracked 
| 112|0x000000070e000000, 0x000000070e1d5440, 0x000000070e200000| 91%| O|  |TAMS 0x000000070e000000| PB 0x000000070e000000| Untracked 
| 113|0x000000070e200000, 0x000000070e400000, 0x000000070e400000|100%| O|  |TAMS 0x000000070e200000| PB 0x000000070e200000| Untracked 
| 114|0x000000070e400000, 0x000000070e600000, 0x000000070e600000|100%| O|  |TAMS 0x000000070e400000| PB 0x000000070e400000| Untracked 
| 115|0x000000070e600000, 0x000000070e800000, 0x000000070e800000|100%| O|  |TAMS 0x000000070e600000| PB 0x000000070e600000| Untracked 
| 116|0x000000070e800000, 0x000000070ea00000, 0x000000070ea00000|100%| O|  |TAMS 0x000000070e800000| PB 0x000000070e800000| Untracked 
| 117|0x000000070ea00000, 0x000000070ec00000, 0x000000070ec00000|100%| O|  |TAMS 0x000000070ea00000| PB 0x000000070ea00000| Untracked 
| 118|0x000000070ec00000, 0x000000070ee00000, 0x000000070ee00000|100%| O|  |TAMS 0x000000070ec00000| PB 0x000000070ec00000| Untracked 
| 119|0x000000070ee00000, 0x000000070f000000, 0x000000070f000000|100%| O|  |TAMS 0x000000070ee00000| PB 0x000000070ee00000| Untracked 
| 120|0x000000070f000000, 0x000000070f200000, 0x000000070f200000|100%| O|  |TAMS 0x000000070f000000| PB 0x000000070f000000| Untracked 
| 121|0x000000070f200000, 0x000000070f400000, 0x000000070f400000|100%| O|  |TAMS 0x000000070f200000| PB 0x000000070f200000| Untracked 
| 122|0x000000070f400000, 0x000000070f600000, 0x000000070f600000|100%| O|Cm|TAMS 0x000000070f400000| PB 0x000000070f400000| Complete 
| 123|0x000000070f600000, 0x000000070f600000, 0x000000070f800000|  0%| F|  |TAMS 0x000000070f600000| PB 0x000000070f600000| Untracked 
| 124|0x000000070f800000, 0x000000070f800000, 0x000000070fa00000|  0%| F|  |TAMS 0x000000070f800000| PB 0x000000070f800000| Untracked 
| 125|0x000000070fa00000, 0x000000070fc00000, 0x000000070fc00000|100%| O|  |TAMS 0x000000070fa00000| PB 0x000000070fa00000| Untracked 
| 126|0x000000070fc00000, 0x000000070fc00000, 0x000000070fe00000|  0%| F|  |TAMS 0x000000070fc00000| PB 0x000000070fc00000| Untracked 
| 127|0x000000070fe00000, 0x000000070fe00000, 0x0000000710000000|  0%| F|  |TAMS 0x000000070fe00000| PB 0x000000070fe00000| Untracked 
| 128|0x0000000710000000, 0x0000000710000000, 0x0000000710200000|  0%| F|  |TAMS 0x0000000710000000| PB 0x0000000710000000| Untracked 
| 129|0x0000000710200000, 0x0000000710200000, 0x0000000710400000|  0%| F|  |TAMS 0x0000000710200000| PB 0x0000000710200000| Untracked 
| 130|0x0000000710400000, 0x0000000710400000, 0x0000000710600000|  0%| F|  |TAMS 0x0000000710400000| PB 0x0000000710400000| Untracked 
| 131|0x0000000710600000, 0x0000000710600000, 0x0000000710800000|  0%| F|  |TAMS 0x0000000710600000| PB 0x0000000710600000| Untracked 
| 132|0x0000000710800000, 0x0000000710800000, 0x0000000710a00000|  0%| F|  |TAMS 0x0000000710800000| PB 0x0000000710800000| Untracked 
| 133|0x0000000710a00000, 0x0000000710a00000, 0x0000000710c00000|  0%| F|  |TAMS 0x0000000710a00000| PB 0x0000000710a00000| Untracked 
| 134|0x0000000710c00000, 0x0000000710c00000, 0x0000000710e00000|  0%| F|  |TAMS 0x0000000710c00000| PB 0x0000000710c00000| Untracked 
| 135|0x0000000710e00000, 0x0000000710e00000, 0x0000000711000000|  0%| F|  |TAMS 0x0000000710e00000| PB 0x0000000710e00000| Untracked 
| 136|0x0000000711000000, 0x0000000711000000, 0x0000000711200000|  0%| F|  |TAMS 0x0000000711000000| PB 0x0000000711000000| Untracked 
| 137|0x0000000711200000, 0x0000000711200000, 0x0000000711400000|  0%| F|  |TAMS 0x0000000711200000| PB 0x0000000711200000| Untracked 
| 138|0x0000000711400000, 0x0000000711400000, 0x0000000711600000|  0%| F|  |TAMS 0x0000000711400000| PB 0x0000000711400000| Untracked 
| 139|0x0000000711600000, 0x0000000711600000, 0x0000000711800000|  0%| F|  |TAMS 0x0000000711600000| PB 0x0000000711600000| Untracked 
| 140|0x0000000711800000, 0x0000000711800000, 0x0000000711a00000|  0%| F|  |TAMS 0x0000000711800000| PB 0x0000000711800000| Untracked 
| 141|0x0000000711a00000, 0x0000000711a00000, 0x0000000711c00000|  0%| F|  |TAMS 0x0000000711a00000| PB 0x0000000711a00000| Untracked 
| 142|0x0000000711c00000, 0x0000000711c00000, 0x0000000711e00000|  0%| F|  |TAMS 0x0000000711c00000| PB 0x0000000711c00000| Untracked 
| 143|0x0000000711e00000, 0x0000000711e00000, 0x0000000712000000|  0%| F|  |TAMS 0x0000000711e00000| PB 0x0000000711e00000| Untracked 
| 144|0x0000000712000000, 0x0000000712000000, 0x0000000712200000|  0%| F|  |TAMS 0x0000000712000000| PB 0x0000000712000000| Untracked 
| 145|0x0000000712200000, 0x0000000712200000, 0x0000000712400000|  0%| F|  |TAMS 0x0000000712200000| PB 0x0000000712200000| Untracked 
| 146|0x0000000712400000, 0x0000000712400000, 0x0000000712600000|  0%| F|  |TAMS 0x0000000712400000| PB 0x0000000712400000| Untracked 
| 147|0x0000000712600000, 0x0000000712600000, 0x0000000712800000|  0%| F|  |TAMS 0x0000000712600000| PB 0x0000000712600000| Untracked 
| 148|0x0000000712800000, 0x0000000712800000, 0x0000000712a00000|  0%| F|  |TAMS 0x0000000712800000| PB 0x0000000712800000| Untracked 
| 149|0x0000000712a00000, 0x0000000712a00000, 0x0000000712c00000|  0%| F|  |TAMS 0x0000000712a00000| PB 0x0000000712a00000| Untracked 
| 150|0x0000000712c00000, 0x0000000712c00000, 0x0000000712e00000|  0%| F|  |TAMS 0x0000000712c00000| PB 0x0000000712c00000| Untracked 
| 151|0x0000000712e00000, 0x0000000712e00000, 0x0000000713000000|  0%| F|  |TAMS 0x0000000712e00000| PB 0x0000000712e00000| Untracked 
| 152|0x0000000713000000, 0x0000000713000000, 0x0000000713200000|  0%| F|  |TAMS 0x0000000713000000| PB 0x0000000713000000| Untracked 
| 153|0x0000000713200000, 0x0000000713200000, 0x0000000713400000|  0%| F|  |TAMS 0x0000000713200000| PB 0x0000000713200000| Untracked 
| 154|0x0000000713400000, 0x0000000713400000, 0x0000000713600000|  0%| F|  |TAMS 0x0000000713400000| PB 0x0000000713400000| Untracked 
| 155|0x0000000713600000, 0x0000000713600000, 0x0000000713800000|  0%| F|  |TAMS 0x0000000713600000| PB 0x0000000713600000| Untracked 
| 156|0x0000000713800000, 0x0000000713800000, 0x0000000713a00000|  0%| F|  |TAMS 0x0000000713800000| PB 0x0000000713800000| Untracked 
| 157|0x0000000713a00000, 0x0000000713a00000, 0x0000000713c00000|  0%| F|  |TAMS 0x0000000713a00000| PB 0x0000000713a00000| Untracked 
| 158|0x0000000713c00000, 0x0000000713c00000, 0x0000000713e00000|  0%| F|  |TAMS 0x0000000713c00000| PB 0x0000000713c00000| Untracked 
| 159|0x0000000713e00000, 0x0000000713e00000, 0x0000000714000000|  0%| F|  |TAMS 0x0000000713e00000| PB 0x0000000713e00000| Untracked 
| 160|0x0000000714000000, 0x0000000714000000, 0x0000000714200000|  0%| F|  |TAMS 0x0000000714000000| PB 0x0000000714000000| Untracked 
| 161|0x0000000714200000, 0x0000000714200000, 0x0000000714400000|  0%| F|  |TAMS 0x0000000714200000| PB 0x0000000714200000| Untracked 
| 162|0x0000000714400000, 0x0000000714400000, 0x0000000714600000|  0%| F|  |TAMS 0x0000000714400000| PB 0x0000000714400000| Untracked 
| 163|0x0000000714600000, 0x0000000714600000, 0x0000000714800000|  0%| F|  |TAMS 0x0000000714600000| PB 0x0000000714600000| Untracked 
| 164|0x0000000714800000, 0x0000000714800000, 0x0000000714a00000|  0%| F|  |TAMS 0x0000000714800000| PB 0x0000000714800000| Untracked 
| 165|0x0000000714a00000, 0x0000000714a00000, 0x0000000714c00000|  0%| F|  |TAMS 0x0000000714a00000| PB 0x0000000714a00000| Untracked 
| 166|0x0000000714c00000, 0x0000000714c00000, 0x0000000714e00000|  0%| F|  |TAMS 0x0000000714c00000| PB 0x0000000714c00000| Untracked 
| 167|0x0000000714e00000, 0x0000000714e00000, 0x0000000715000000|  0%| F|  |TAMS 0x0000000714e00000| PB 0x0000000714e00000| Untracked 
| 168|0x0000000715000000, 0x0000000715000000, 0x0000000715200000|  0%| F|  |TAMS 0x0000000715000000| PB 0x0000000715000000| Untracked 
| 169|0x0000000715200000, 0x0000000715200000, 0x0000000715400000|  0%| F|  |TAMS 0x0000000715200000| PB 0x0000000715200000| Untracked 
| 170|0x0000000715400000, 0x0000000715400000, 0x0000000715600000|  0%| F|  |TAMS 0x0000000715400000| PB 0x0000000715400000| Untracked 
| 171|0x0000000715600000, 0x0000000715600000, 0x0000000715800000|  0%| F|  |TAMS 0x0000000715600000| PB 0x0000000715600000| Untracked 
| 172|0x0000000715800000, 0x0000000715800000, 0x0000000715a00000|  0%| F|  |TAMS 0x0000000715800000| PB 0x0000000715800000| Untracked 
| 173|0x0000000715a00000, 0x0000000715a00000, 0x0000000715c00000|  0%| F|  |TAMS 0x0000000715a00000| PB 0x0000000715a00000| Untracked 
| 174|0x0000000715c00000, 0x0000000715c00000, 0x0000000715e00000|  0%| F|  |TAMS 0x0000000715c00000| PB 0x0000000715c00000| Untracked 
| 175|0x0000000715e00000, 0x0000000715e00000, 0x0000000716000000|  0%| F|  |TAMS 0x0000000715e00000| PB 0x0000000715e00000| Untracked 
| 176|0x0000000716000000, 0x0000000716000000, 0x0000000716200000|  0%| F|  |TAMS 0x0000000716000000| PB 0x0000000716000000| Untracked 
| 177|0x0000000716200000, 0x0000000716200000, 0x0000000716400000|  0%| F|  |TAMS 0x0000000716200000| PB 0x0000000716200000| Untracked 
| 178|0x0000000716400000, 0x0000000716400000, 0x0000000716600000|  0%| F|  |TAMS 0x0000000716400000| PB 0x0000000716400000| Untracked 
| 179|0x0000000716600000, 0x0000000716600000, 0x0000000716800000|  0%| F|  |TAMS 0x0000000716600000| PB 0x0000000716600000| Untracked 
| 180|0x0000000716800000, 0x0000000716800000, 0x0000000716a00000|  0%| F|  |TAMS 0x0000000716800000| PB 0x0000000716800000| Untracked 
| 181|0x0000000716a00000, 0x0000000716a00000, 0x0000000716c00000|  0%| F|  |TAMS 0x0000000716a00000| PB 0x0000000716a00000| Untracked 
| 182|0x0000000716c00000, 0x0000000716c00000, 0x0000000716e00000|  0%| F|  |TAMS 0x0000000716c00000| PB 0x0000000716c00000| Untracked 
| 183|0x0000000716e00000, 0x0000000716e00000, 0x0000000717000000|  0%| F|  |TAMS 0x0000000716e00000| PB 0x0000000716e00000| Untracked 
| 184|0x0000000717000000, 0x0000000717000000, 0x0000000717200000|  0%| F|  |TAMS 0x0000000717000000| PB 0x0000000717000000| Untracked 
| 185|0x0000000717200000, 0x0000000717200000, 0x0000000717400000|  0%| F|  |TAMS 0x0000000717200000| PB 0x0000000717200000| Untracked 
| 186|0x0000000717400000, 0x0000000717400000, 0x0000000717600000|  0%| F|  |TAMS 0x0000000717400000| PB 0x0000000717400000| Untracked 
| 187|0x0000000717600000, 0x0000000717600000, 0x0000000717800000|  0%| F|  |TAMS 0x0000000717600000| PB 0x0000000717600000| Untracked 
| 188|0x0000000717800000, 0x0000000717800000, 0x0000000717a00000|  0%| F|  |TAMS 0x0000000717800000| PB 0x0000000717800000| Untracked 
| 189|0x0000000717a00000, 0x0000000717a00000, 0x0000000717c00000|  0%| F|  |TAMS 0x0000000717a00000| PB 0x0000000717a00000| Untracked 
| 190|0x0000000717c00000, 0x0000000717c00000, 0x0000000717e00000|  0%| F|  |TAMS 0x0000000717c00000| PB 0x0000000717c00000| Untracked 
| 191|0x0000000717e00000, 0x0000000717e00000, 0x0000000718000000|  0%| F|  |TAMS 0x0000000717e00000| PB 0x0000000717e00000| Untracked 
| 192|0x0000000718000000, 0x0000000718000000, 0x0000000718200000|  0%| F|  |TAMS 0x0000000718000000| PB 0x0000000718000000| Untracked 
| 193|0x0000000718200000, 0x0000000718200000, 0x0000000718400000|  0%| F|  |TAMS 0x0000000718200000| PB 0x0000000718200000| Untracked 
| 194|0x0000000718400000, 0x0000000718400000, 0x0000000718600000|  0%| F|  |TAMS 0x0000000718400000| PB 0x0000000718400000| Untracked 
| 195|0x0000000718600000, 0x0000000718600000, 0x0000000718800000|  0%| F|  |TAMS 0x0000000718600000| PB 0x0000000718600000| Untracked 
| 196|0x0000000718800000, 0x0000000718800000, 0x0000000718a00000|  0%| F|  |TAMS 0x0000000718800000| PB 0x0000000718800000| Untracked 
| 197|0x0000000718a00000, 0x0000000718a00000, 0x0000000718c00000|  0%| F|  |TAMS 0x0000000718a00000| PB 0x0000000718a00000| Untracked 
| 198|0x0000000718c00000, 0x0000000718c00000, 0x0000000718e00000|  0%| F|  |TAMS 0x0000000718c00000| PB 0x0000000718c00000| Untracked 
| 199|0x0000000718e00000, 0x0000000718e00000, 0x0000000719000000|  0%| F|  |TAMS 0x0000000718e00000| PB 0x0000000718e00000| Untracked 
| 200|0x0000000719000000, 0x0000000719000000, 0x0000000719200000|  0%| F|  |TAMS 0x0000000719000000| PB 0x0000000719000000| Untracked 
| 201|0x0000000719200000, 0x0000000719400000, 0x0000000719400000|100%|HS|  |TAMS 0x0000000719200000| PB 0x0000000719200000| Complete 
| 202|0x0000000719400000, 0x0000000719600000, 0x0000000719600000|100%|HC|  |TAMS 0x0000000719400000| PB 0x0000000719400000| Complete 
| 203|0x0000000719600000, 0x0000000719800000, 0x0000000719800000|100%|HC|  |TAMS 0x0000000719600000| PB 0x0000000719600000| Complete 
| 204|0x0000000719800000, 0x0000000719a00000, 0x0000000719a00000|100%|HC|  |TAMS 0x0000000719800000| PB 0x0000000719800000| Complete 
| 205|0x0000000719a00000, 0x0000000719a00000, 0x0000000719c00000|  0%| F|  |TAMS 0x0000000719a00000| PB 0x0000000719a00000| Untracked 
| 206|0x0000000719c00000, 0x0000000719c00000, 0x0000000719e00000|  0%| F|  |TAMS 0x0000000719c00000| PB 0x0000000719c00000| Untracked 
| 207|0x0000000719e00000, 0x0000000719e00000, 0x000000071a000000|  0%| F|  |TAMS 0x0000000719e00000| PB 0x0000000719e00000| Untracked 
| 208|0x000000071a000000, 0x000000071a000000, 0x000000071a200000|  0%| F|  |TAMS 0x000000071a000000| PB 0x000000071a000000| Untracked 
| 209|0x000000071a200000, 0x000000071a200000, 0x000000071a400000|  0%| F|  |TAMS 0x000000071a200000| PB 0x000000071a200000| Untracked 
| 210|0x000000071a400000, 0x000000071a400000, 0x000000071a600000|  0%| F|  |TAMS 0x000000071a400000| PB 0x000000071a400000| Untracked 
| 211|0x000000071a600000, 0x000000071a600000, 0x000000071a800000|  0%| F|  |TAMS 0x000000071a600000| PB 0x000000071a600000| Untracked 
| 212|0x000000071a800000, 0x000000071a800000, 0x000000071aa00000|  0%| F|  |TAMS 0x000000071a800000| PB 0x000000071a800000| Untracked 
| 213|0x000000071aa00000, 0x000000071aa00000, 0x000000071ac00000|  0%| F|  |TAMS 0x000000071aa00000| PB 0x000000071aa00000| Untracked 
| 214|0x000000071ac00000, 0x000000071ac00000, 0x000000071ae00000|  0%| F|  |TAMS 0x000000071ac00000| PB 0x000000071ac00000| Untracked 
| 215|0x000000071ae00000, 0x000000071ae00000, 0x000000071b000000|  0%| F|  |TAMS 0x000000071ae00000| PB 0x000000071ae00000| Untracked 
| 216|0x000000071b000000, 0x000000071b000000, 0x000000071b200000|  0%| F|  |TAMS 0x000000071b000000| PB 0x000000071b000000| Untracked 
| 217|0x000000071b200000, 0x000000071b200000, 0x000000071b400000|  0%| F|  |TAMS 0x000000071b200000| PB 0x000000071b200000| Untracked 
| 218|0x000000071b400000, 0x000000071b400000, 0x000000071b600000|  0%| F|  |TAMS 0x000000071b400000| PB 0x000000071b400000| Untracked 
| 219|0x000000071b600000, 0x000000071b600000, 0x000000071b800000|  0%| F|  |TAMS 0x000000071b600000| PB 0x000000071b600000| Untracked 
| 220|0x000000071b800000, 0x000000071b800000, 0x000000071ba00000|  0%| F|  |TAMS 0x000000071b800000| PB 0x000000071b800000| Untracked 
| 221|0x000000071ba00000, 0x000000071ba00000, 0x000000071bc00000|  0%| F|  |TAMS 0x000000071ba00000| PB 0x000000071ba00000| Untracked 
| 222|0x000000071bc00000, 0x000000071bc00000, 0x000000071be00000|  0%| F|  |TAMS 0x000000071bc00000| PB 0x000000071bc00000| Untracked 
| 223|0x000000071be00000, 0x000000071be00000, 0x000000071c000000|  0%| F|  |TAMS 0x000000071be00000| PB 0x000000071be00000| Untracked 
| 224|0x000000071c000000, 0x000000071c000000, 0x000000071c200000|  0%| F|  |TAMS 0x000000071c000000| PB 0x000000071c000000| Untracked 
| 225|0x000000071c200000, 0x000000071c200000, 0x000000071c400000|  0%| F|  |TAMS 0x000000071c200000| PB 0x000000071c200000| Untracked 
| 226|0x000000071c400000, 0x000000071c400000, 0x000000071c600000|  0%| F|  |TAMS 0x000000071c400000| PB 0x000000071c400000| Untracked 
| 227|0x000000071c600000, 0x000000071c600000, 0x000000071c800000|  0%| F|  |TAMS 0x000000071c600000| PB 0x000000071c600000| Untracked 
| 228|0x000000071c800000, 0x000000071c800000, 0x000000071ca00000|  0%| F|  |TAMS 0x000000071c800000| PB 0x000000071c800000| Untracked 
| 229|0x000000071ca00000, 0x000000071ca00000, 0x000000071cc00000|  0%| F|  |TAMS 0x000000071ca00000| PB 0x000000071ca00000| Untracked 
| 230|0x000000071cc00000, 0x000000071cc00000, 0x000000071ce00000|  0%| F|  |TAMS 0x000000071cc00000| PB 0x000000071cc00000| Untracked 
| 231|0x000000071ce00000, 0x000000071ce00000, 0x000000071d000000|  0%| F|  |TAMS 0x000000071ce00000| PB 0x000000071ce00000| Untracked 
| 232|0x000000071d000000, 0x000000071d000000, 0x000000071d200000|  0%| F|  |TAMS 0x000000071d000000| PB 0x000000071d000000| Untracked 
| 233|0x000000071d200000, 0x000000071d200000, 0x000000071d400000|  0%| F|  |TAMS 0x000000071d200000| PB 0x000000071d200000| Untracked 
| 234|0x000000071d400000, 0x000000071d400000, 0x000000071d600000|  0%| F|  |TAMS 0x000000071d400000| PB 0x000000071d400000| Untracked 
| 235|0x000000071d600000, 0x000000071d600000, 0x000000071d800000|  0%| F|  |TAMS 0x000000071d600000| PB 0x000000071d600000| Untracked 
| 236|0x000000071d800000, 0x000000071d800000, 0x000000071da00000|  0%| F|  |TAMS 0x000000071d800000| PB 0x000000071d800000| Untracked 
| 237|0x000000071da00000, 0x000000071da00000, 0x000000071dc00000|  0%| F|  |TAMS 0x000000071da00000| PB 0x000000071da00000| Untracked 
| 238|0x000000071dc00000, 0x000000071dc00000, 0x000000071de00000|  0%| F|  |TAMS 0x000000071dc00000| PB 0x000000071dc00000| Untracked 
| 239|0x000000071de00000, 0x000000071de00000, 0x000000071e000000|  0%| F|  |TAMS 0x000000071de00000| PB 0x000000071de00000| Untracked 
| 240|0x000000071e000000, 0x000000071e000000, 0x000000071e200000|  0%| F|  |TAMS 0x000000071e000000| PB 0x000000071e000000| Untracked 
| 241|0x000000071e200000, 0x000000071e200000, 0x000000071e400000|  0%| F|  |TAMS 0x000000071e200000| PB 0x000000071e200000| Untracked 
| 242|0x000000071e400000, 0x000000071e400000, 0x000000071e600000|  0%| F|  |TAMS 0x000000071e400000| PB 0x000000071e400000| Untracked 
| 243|0x000000071e600000, 0x000000071e600000, 0x000000071e800000|  0%| F|  |TAMS 0x000000071e600000| PB 0x000000071e600000| Untracked 
| 244|0x000000071e800000, 0x000000071e800000, 0x000000071ea00000|  0%| F|  |TAMS 0x000000071e800000| PB 0x000000071e800000| Untracked 
| 245|0x000000071ea00000, 0x000000071ea00000, 0x000000071ec00000|  0%| F|  |TAMS 0x000000071ea00000| PB 0x000000071ea00000| Untracked 
| 246|0x000000071ec00000, 0x000000071ec00000, 0x000000071ee00000|  0%| F|  |TAMS 0x000000071ec00000| PB 0x000000071ec00000| Untracked 
| 247|0x000000071ee00000, 0x000000071ee00000, 0x000000071f000000|  0%| F|  |TAMS 0x000000071ee00000| PB 0x000000071ee00000| Untracked 
| 248|0x000000071f000000, 0x000000071f000000, 0x000000071f200000|  0%| F|  |TAMS 0x000000071f000000| PB 0x000000071f000000| Untracked 
| 249|0x000000071f200000, 0x000000071f200000, 0x000000071f400000|  0%| F|  |TAMS 0x000000071f200000| PB 0x000000071f200000| Untracked 
| 250|0x000000071f400000, 0x000000071f400000, 0x000000071f600000|  0%| F|  |TAMS 0x000000071f400000| PB 0x000000071f400000| Untracked 
| 251|0x000000071f600000, 0x000000071f600000, 0x000000071f800000|  0%| F|  |TAMS 0x000000071f600000| PB 0x000000071f600000| Untracked 
| 252|0x000000071f800000, 0x000000071f800000, 0x000000071fa00000|  0%| F|  |TAMS 0x000000071f800000| PB 0x000000071f800000| Untracked 
| 253|0x000000071fa00000, 0x000000071fa00000, 0x000000071fc00000|  0%| F|  |TAMS 0x000000071fa00000| PB 0x000000071fa00000| Untracked 
| 254|0x000000071fc00000, 0x000000071fc00000, 0x000000071fe00000|  0%| F|  |TAMS 0x000000071fc00000| PB 0x000000071fc00000| Untracked 
| 255|0x000000071fe00000, 0x000000071fe00000, 0x0000000720000000|  0%| F|  |TAMS 0x000000071fe00000| PB 0x000000071fe00000| Untracked 
| 256|0x0000000720000000, 0x0000000720000000, 0x0000000720200000|  0%| F|  |TAMS 0x0000000720000000| PB 0x0000000720000000| Untracked 
| 257|0x0000000720200000, 0x0000000720200000, 0x0000000720400000|  0%| F|  |TAMS 0x0000000720200000| PB 0x0000000720200000| Untracked 
| 258|0x0000000720400000, 0x0000000720400000, 0x0000000720600000|  0%| F|  |TAMS 0x0000000720400000| PB 0x0000000720400000| Untracked 
| 259|0x0000000720600000, 0x0000000720600000, 0x0000000720800000|  0%| F|  |TAMS 0x0000000720600000| PB 0x0000000720600000| Untracked 
| 260|0x0000000720800000, 0x0000000720800000, 0x0000000720a00000|  0%| F|  |TAMS 0x0000000720800000| PB 0x0000000720800000| Untracked 
| 261|0x0000000720a00000, 0x0000000720a00000, 0x0000000720c00000|  0%| F|  |TAMS 0x0000000720a00000| PB 0x0000000720a00000| Untracked 
| 262|0x0000000720c00000, 0x0000000720c00000, 0x0000000720e00000|  0%| F|  |TAMS 0x0000000720c00000| PB 0x0000000720c00000| Untracked 
| 263|0x0000000720e00000, 0x0000000720e00000, 0x0000000721000000|  0%| F|  |TAMS 0x0000000720e00000| PB 0x0000000720e00000| Untracked 
| 264|0x0000000721000000, 0x0000000721000000, 0x0000000721200000|  0%| F|  |TAMS 0x0000000721000000| PB 0x0000000721000000| Untracked 
| 265|0x0000000721200000, 0x0000000721200000, 0x0000000721400000|  0%| F|  |TAMS 0x0000000721200000| PB 0x0000000721200000| Untracked 
| 266|0x0000000721400000, 0x0000000721400000, 0x0000000721600000|  0%| F|  |TAMS 0x0000000721400000| PB 0x0000000721400000| Untracked 
| 267|0x0000000721600000, 0x0000000721600000, 0x0000000721800000|  0%| F|  |TAMS 0x0000000721600000| PB 0x0000000721600000| Untracked 
| 268|0x0000000721800000, 0x0000000721800000, 0x0000000721a00000|  0%| F|  |TAMS 0x0000000721800000| PB 0x0000000721800000| Untracked 
| 269|0x0000000721a00000, 0x0000000721a00000, 0x0000000721c00000|  0%| F|  |TAMS 0x0000000721a00000| PB 0x0000000721a00000| Untracked 
| 270|0x0000000721c00000, 0x0000000721c00000, 0x0000000721e00000|  0%| F|  |TAMS 0x0000000721c00000| PB 0x0000000721c00000| Untracked 
| 271|0x0000000721e00000, 0x0000000721e00000, 0x0000000722000000|  0%| F|  |TAMS 0x0000000721e00000| PB 0x0000000721e00000| Untracked 
| 272|0x0000000722000000, 0x0000000722000000, 0x0000000722200000|  0%| F|  |TAMS 0x0000000722000000| PB 0x0000000722000000| Untracked 
| 273|0x0000000722200000, 0x0000000722200000, 0x0000000722400000|  0%| F|  |TAMS 0x0000000722200000| PB 0x0000000722200000| Untracked 
| 274|0x0000000722400000, 0x0000000722400000, 0x0000000722600000|  0%| F|  |TAMS 0x0000000722400000| PB 0x0000000722400000| Untracked 
| 275|0x0000000722600000, 0x0000000722600000, 0x0000000722800000|  0%| F|  |TAMS 0x0000000722600000| PB 0x0000000722600000| Untracked 
| 276|0x0000000722800000, 0x0000000722800000, 0x0000000722a00000|  0%| F|  |TAMS 0x0000000722800000| PB 0x0000000722800000| Untracked 
| 277|0x0000000722a00000, 0x0000000722a00000, 0x0000000722c00000|  0%| F|  |TAMS 0x0000000722a00000| PB 0x0000000722a00000| Untracked 
| 278|0x0000000722c00000, 0x0000000722c00000, 0x0000000722e00000|  0%| F|  |TAMS 0x0000000722c00000| PB 0x0000000722c00000| Untracked 
| 279|0x0000000722e00000, 0x0000000722e00000, 0x0000000723000000|  0%| F|  |TAMS 0x0000000722e00000| PB 0x0000000722e00000| Untracked 
| 280|0x0000000723000000, 0x0000000723000000, 0x0000000723200000|  0%| F|  |TAMS 0x0000000723000000| PB 0x0000000723000000| Untracked 
| 281|0x0000000723200000, 0x0000000723200000, 0x0000000723400000|  0%| F|  |TAMS 0x0000000723200000| PB 0x0000000723200000| Untracked 
| 282|0x0000000723400000, 0x0000000723400000, 0x0000000723600000|  0%| F|  |TAMS 0x0000000723400000| PB 0x0000000723400000| Untracked 
| 283|0x0000000723600000, 0x0000000723600000, 0x0000000723800000|  0%| F|  |TAMS 0x0000000723600000| PB 0x0000000723600000| Untracked 
| 284|0x0000000723800000, 0x0000000723800000, 0x0000000723a00000|  0%| F|  |TAMS 0x0000000723800000| PB 0x0000000723800000| Untracked 
| 285|0x0000000723a00000, 0x0000000723a00000, 0x0000000723c00000|  0%| F|  |TAMS 0x0000000723a00000| PB 0x0000000723a00000| Untracked 
| 286|0x0000000723c00000, 0x0000000723c00000, 0x0000000723e00000|  0%| F|  |TAMS 0x0000000723c00000| PB 0x0000000723c00000| Untracked 
| 287|0x0000000723e00000, 0x0000000723e00000, 0x0000000724000000|  0%| F|  |TAMS 0x0000000723e00000| PB 0x0000000723e00000| Untracked 
| 288|0x0000000724000000, 0x0000000724000000, 0x0000000724200000|  0%| F|  |TAMS 0x0000000724000000| PB 0x0000000724000000| Untracked 
| 289|0x0000000724200000, 0x0000000724200000, 0x0000000724400000|  0%| F|  |TAMS 0x0000000724200000| PB 0x0000000724200000| Untracked 
| 290|0x0000000724400000, 0x0000000724400000, 0x0000000724600000|  0%| F|  |TAMS 0x0000000724400000| PB 0x0000000724400000| Untracked 
| 291|0x0000000724600000, 0x0000000724600000, 0x0000000724800000|  0%| F|  |TAMS 0x0000000724600000| PB 0x0000000724600000| Untracked 
| 292|0x0000000724800000, 0x0000000724800000, 0x0000000724a00000|  0%| F|  |TAMS 0x0000000724800000| PB 0x0000000724800000| Untracked 
| 293|0x0000000724a00000, 0x0000000724a00000, 0x0000000724c00000|  0%| F|  |TAMS 0x0000000724a00000| PB 0x0000000724a00000| Untracked 
| 294|0x0000000724c00000, 0x0000000724c00000, 0x0000000724e00000|  0%| F|  |TAMS 0x0000000724c00000| PB 0x0000000724c00000| Untracked 
| 295|0x0000000724e00000, 0x0000000724e00000, 0x0000000725000000|  0%| F|  |TAMS 0x0000000724e00000| PB 0x0000000724e00000| Untracked 
| 296|0x0000000725000000, 0x0000000725000000, 0x0000000725200000|  0%| F|  |TAMS 0x0000000725000000| PB 0x0000000725000000| Untracked 
| 297|0x0000000725200000, 0x0000000725200000, 0x0000000725400000|  0%| F|  |TAMS 0x0000000725200000| PB 0x0000000725200000| Untracked 
| 298|0x0000000725400000, 0x0000000725400000, 0x0000000725600000|  0%| F|  |TAMS 0x0000000725400000| PB 0x0000000725400000| Untracked 
| 299|0x0000000725600000, 0x0000000725600000, 0x0000000725800000|  0%| F|  |TAMS 0x0000000725600000| PB 0x0000000725600000| Untracked 
| 300|0x0000000725800000, 0x0000000725800000, 0x0000000725a00000|  0%| F|  |TAMS 0x0000000725800000| PB 0x0000000725800000| Untracked 
| 301|0x0000000725a00000, 0x0000000725a00000, 0x0000000725c00000|  0%| F|  |TAMS 0x0000000725a00000| PB 0x0000000725a00000| Untracked 
| 302|0x0000000725c00000, 0x0000000725c00000, 0x0000000725e00000|  0%| F|  |TAMS 0x0000000725c00000| PB 0x0000000725c00000| Untracked 
| 303|0x0000000725e00000, 0x0000000725e00000, 0x0000000726000000|  0%| F|  |TAMS 0x0000000725e00000| PB 0x0000000725e00000| Untracked 
| 304|0x0000000726000000, 0x0000000726000000, 0x0000000726200000|  0%| F|  |TAMS 0x0000000726000000| PB 0x0000000726000000| Untracked 
| 305|0x0000000726200000, 0x0000000726200000, 0x0000000726400000|  0%| F|  |TAMS 0x0000000726200000| PB 0x0000000726200000| Untracked 
| 306|0x0000000726400000, 0x0000000726400000, 0x0000000726600000|  0%| F|  |TAMS 0x0000000726400000| PB 0x0000000726400000| Untracked 
| 307|0x0000000726600000, 0x0000000726600000, 0x0000000726800000|  0%| F|  |TAMS 0x0000000726600000| PB 0x0000000726600000| Untracked 
| 308|0x0000000726800000, 0x0000000726800000, 0x0000000726a00000|  0%| F|  |TAMS 0x0000000726800000| PB 0x0000000726800000| Untracked 
| 309|0x0000000726a00000, 0x0000000726a00000, 0x0000000726c00000|  0%| F|  |TAMS 0x0000000726a00000| PB 0x0000000726a00000| Untracked 
| 310|0x0000000726c00000, 0x0000000726c00000, 0x0000000726e00000|  0%| F|  |TAMS 0x0000000726c00000| PB 0x0000000726c00000| Untracked 
| 311|0x0000000726e00000, 0x0000000726e00000, 0x0000000727000000|  0%| F|  |TAMS 0x0000000726e00000| PB 0x0000000726e00000| Untracked 
| 312|0x0000000727000000, 0x0000000727000000, 0x0000000727200000|  0%| F|  |TAMS 0x0000000727000000| PB 0x0000000727000000| Untracked 
| 313|0x0000000727200000, 0x0000000727200000, 0x0000000727400000|  0%| F|  |TAMS 0x0000000727200000| PB 0x0000000727200000| Untracked 
| 314|0x0000000727400000, 0x0000000727400000, 0x0000000727600000|  0%| F|  |TAMS 0x0000000727400000| PB 0x0000000727400000| Untracked 
| 315|0x0000000727600000, 0x0000000727600000, 0x0000000727800000|  0%| F|  |TAMS 0x0000000727600000| PB 0x0000000727600000| Untracked 
| 316|0x0000000727800000, 0x0000000727800000, 0x0000000727a00000|  0%| F|  |TAMS 0x0000000727800000| PB 0x0000000727800000| Untracked 
| 317|0x0000000727a00000, 0x0000000727a00000, 0x0000000727c00000|  0%| F|  |TAMS 0x0000000727a00000| PB 0x0000000727a00000| Untracked 
| 318|0x0000000727c00000, 0x0000000727c00000, 0x0000000727e00000|  0%| F|  |TAMS 0x0000000727c00000| PB 0x0000000727c00000| Untracked 
| 319|0x0000000727e00000, 0x0000000727e00000, 0x0000000728000000|  0%| F|  |TAMS 0x0000000727e00000| PB 0x0000000727e00000| Untracked 
| 320|0x0000000728000000, 0x0000000728000000, 0x0000000728200000|  0%| F|  |TAMS 0x0000000728000000| PB 0x0000000728000000| Untracked 
| 321|0x0000000728200000, 0x0000000728200000, 0x0000000728400000|  0%| F|  |TAMS 0x0000000728200000| PB 0x0000000728200000| Untracked 
| 322|0x0000000728400000, 0x0000000728400000, 0x0000000728600000|  0%| F|  |TAMS 0x0000000728400000| PB 0x0000000728400000| Untracked 
| 323|0x0000000728600000, 0x0000000728600000, 0x0000000728800000|  0%| F|  |TAMS 0x0000000728600000| PB 0x0000000728600000| Untracked 
| 324|0x0000000728800000, 0x0000000728800000, 0x0000000728a00000|  0%| F|  |TAMS 0x0000000728800000| PB 0x0000000728800000| Untracked 
| 325|0x0000000728a00000, 0x0000000728a00000, 0x0000000728c00000|  0%| F|  |TAMS 0x0000000728a00000| PB 0x0000000728a00000| Untracked 
| 326|0x0000000728c00000, 0x0000000728c00000, 0x0000000728e00000|  0%| F|  |TAMS 0x0000000728c00000| PB 0x0000000728c00000| Untracked 
| 327|0x0000000728e00000, 0x0000000728e00000, 0x0000000729000000|  0%| F|  |TAMS 0x0000000728e00000| PB 0x0000000728e00000| Untracked 
| 328|0x0000000729000000, 0x0000000729000000, 0x0000000729200000|  0%| F|  |TAMS 0x0000000729000000| PB 0x0000000729000000| Untracked 
| 329|0x0000000729200000, 0x0000000729200000, 0x0000000729400000|  0%| F|  |TAMS 0x0000000729200000| PB 0x0000000729200000| Untracked 
| 330|0x0000000729400000, 0x0000000729400000, 0x0000000729600000|  0%| F|  |TAMS 0x0000000729400000| PB 0x0000000729400000| Untracked 
| 331|0x0000000729600000, 0x0000000729600000, 0x0000000729800000|  0%| F|  |TAMS 0x0000000729600000| PB 0x0000000729600000| Untracked 
| 332|0x0000000729800000, 0x0000000729800000, 0x0000000729a00000|  0%| F|  |TAMS 0x0000000729800000| PB 0x0000000729800000| Untracked 
| 333|0x0000000729a00000, 0x0000000729a00000, 0x0000000729c00000|  0%| F|  |TAMS 0x0000000729a00000| PB 0x0000000729a00000| Untracked 
| 334|0x0000000729c00000, 0x0000000729c00000, 0x0000000729e00000|  0%| F|  |TAMS 0x0000000729c00000| PB 0x0000000729c00000| Untracked 
| 335|0x0000000729e00000, 0x0000000729e00000, 0x000000072a000000|  0%| F|  |TAMS 0x0000000729e00000| PB 0x0000000729e00000| Untracked 
| 336|0x000000072a000000, 0x000000072a000000, 0x000000072a200000|  0%| F|  |TAMS 0x000000072a000000| PB 0x000000072a000000| Untracked 
| 337|0x000000072a200000, 0x000000072a200000, 0x000000072a400000|  0%| F|  |TAMS 0x000000072a200000| PB 0x000000072a200000| Untracked 
| 338|0x000000072a400000, 0x000000072a400000, 0x000000072a600000|  0%| F|  |TAMS 0x000000072a400000| PB 0x000000072a400000| Untracked 
| 339|0x000000072a600000, 0x000000072a600000, 0x000000072a800000|  0%| F|  |TAMS 0x000000072a600000| PB 0x000000072a600000| Untracked 
| 340|0x000000072a800000, 0x000000072a800000, 0x000000072aa00000|  0%| F|  |TAMS 0x000000072a800000| PB 0x000000072a800000| Untracked 
| 341|0x000000072aa00000, 0x000000072aa00000, 0x000000072ac00000|  0%| F|  |TAMS 0x000000072aa00000| PB 0x000000072aa00000| Untracked 
| 342|0x000000072ac00000, 0x000000072ac00000, 0x000000072ae00000|  0%| F|  |TAMS 0x000000072ac00000| PB 0x000000072ac00000| Untracked 
| 343|0x000000072ae00000, 0x000000072ae00000, 0x000000072b000000|  0%| F|  |TAMS 0x000000072ae00000| PB 0x000000072ae00000| Untracked 
| 344|0x000000072b000000, 0x000000072b000000, 0x000000072b200000|  0%| F|  |TAMS 0x000000072b000000| PB 0x000000072b000000| Untracked 
| 345|0x000000072b200000, 0x000000072b200000, 0x000000072b400000|  0%| F|  |TAMS 0x000000072b200000| PB 0x000000072b200000| Untracked 
| 346|0x000000072b400000, 0x000000072b400000, 0x000000072b600000|  0%| F|  |TAMS 0x000000072b400000| PB 0x000000072b400000| Untracked 
| 347|0x000000072b600000, 0x000000072b600000, 0x000000072b800000|  0%| F|  |TAMS 0x000000072b600000| PB 0x000000072b600000| Untracked 
| 348|0x000000072b800000, 0x000000072b800000, 0x000000072ba00000|  0%| F|  |TAMS 0x000000072b800000| PB 0x000000072b800000| Untracked 
| 349|0x000000072ba00000, 0x000000072ba00000, 0x000000072bc00000|  0%| F|  |TAMS 0x000000072ba00000| PB 0x000000072ba00000| Untracked 
| 350|0x000000072bc00000, 0x000000072bc00000, 0x000000072be00000|  0%| F|  |TAMS 0x000000072bc00000| PB 0x000000072bc00000| Untracked 
| 351|0x000000072be00000, 0x000000072be00000, 0x000000072c000000|  0%| F|  |TAMS 0x000000072be00000| PB 0x000000072be00000| Untracked 
| 352|0x000000072c000000, 0x000000072c000000, 0x000000072c200000|  0%| F|  |TAMS 0x000000072c000000| PB 0x000000072c000000| Untracked 
| 353|0x000000072c200000, 0x000000072c200000, 0x000000072c400000|  0%| F|  |TAMS 0x000000072c200000| PB 0x000000072c200000| Untracked 
| 354|0x000000072c400000, 0x000000072c400000, 0x000000072c600000|  0%| F|  |TAMS 0x000000072c400000| PB 0x000000072c400000| Untracked 
| 355|0x000000072c600000, 0x000000072c600000, 0x000000072c800000|  0%| F|  |TAMS 0x000000072c600000| PB 0x000000072c600000| Untracked 
| 356|0x000000072c800000, 0x000000072c800000, 0x000000072ca00000|  0%| F|  |TAMS 0x000000072c800000| PB 0x000000072c800000| Untracked 
| 357|0x000000072ca00000, 0x000000072ca00000, 0x000000072cc00000|  0%| F|  |TAMS 0x000000072ca00000| PB 0x000000072ca00000| Untracked 
| 358|0x000000072cc00000, 0x000000072cc00000, 0x000000072ce00000|  0%| F|  |TAMS 0x000000072cc00000| PB 0x000000072cc00000| Untracked 
| 359|0x000000072ce00000, 0x000000072ce00000, 0x000000072d000000|  0%| F|  |TAMS 0x000000072ce00000| PB 0x000000072ce00000| Untracked 
| 360|0x000000072d000000, 0x000000072d000000, 0x000000072d200000|  0%| F|  |TAMS 0x000000072d000000| PB 0x000000072d000000| Untracked 
| 361|0x000000072d200000, 0x000000072d200000, 0x000000072d400000|  0%| F|  |TAMS 0x000000072d200000| PB 0x000000072d200000| Untracked 
| 362|0x000000072d400000, 0x000000072d400000, 0x000000072d600000|  0%| F|  |TAMS 0x000000072d400000| PB 0x000000072d400000| Untracked 
| 363|0x000000072d600000, 0x000000072d600000, 0x000000072d800000|  0%| F|  |TAMS 0x000000072d600000| PB 0x000000072d600000| Untracked 
| 364|0x000000072d800000, 0x000000072d800000, 0x000000072da00000|  0%| F|  |TAMS 0x000000072d800000| PB 0x000000072d800000| Untracked 
| 365|0x000000072da00000, 0x000000072da00000, 0x000000072dc00000|  0%| F|  |TAMS 0x000000072da00000| PB 0x000000072da00000| Untracked 
| 366|0x000000072dc00000, 0x000000072dc00000, 0x000000072de00000|  0%| F|  |TAMS 0x000000072dc00000| PB 0x000000072dc00000| Untracked 
| 367|0x000000072de00000, 0x000000072de00000, 0x000000072e000000|  0%| F|  |TAMS 0x000000072de00000| PB 0x000000072de00000| Untracked 
| 368|0x000000072e000000, 0x000000072e000000, 0x000000072e200000|  0%| F|  |TAMS 0x000000072e000000| PB 0x000000072e000000| Untracked 
| 369|0x000000072e200000, 0x000000072e200000, 0x000000072e400000|  0%| F|  |TAMS 0x000000072e200000| PB 0x000000072e200000| Untracked 
| 370|0x000000072e400000, 0x000000072e400000, 0x000000072e600000|  0%| F|  |TAMS 0x000000072e400000| PB 0x000000072e400000| Untracked 
| 371|0x000000072e600000, 0x000000072e600000, 0x000000072e800000|  0%| F|  |TAMS 0x000000072e600000| PB 0x000000072e600000| Untracked 
| 372|0x000000072e800000, 0x000000072e800000, 0x000000072ea00000|  0%| F|  |TAMS 0x000000072e800000| PB 0x000000072e800000| Untracked 
| 373|0x000000072ea00000, 0x000000072ea00000, 0x000000072ec00000|  0%| F|  |TAMS 0x000000072ea00000| PB 0x000000072ea00000| Untracked 
| 374|0x000000072ec00000, 0x000000072ec00000, 0x000000072ee00000|  0%| F|  |TAMS 0x000000072ec00000| PB 0x000000072ec00000| Untracked 
| 375|0x000000072ee00000, 0x000000072ee00000, 0x000000072f000000|  0%| F|  |TAMS 0x000000072ee00000| PB 0x000000072ee00000| Untracked 
| 376|0x000000072f000000, 0x000000072f000000, 0x000000072f200000|  0%| F|  |TAMS 0x000000072f000000| PB 0x000000072f000000| Untracked 
| 377|0x000000072f200000, 0x000000072f200000, 0x000000072f400000|  0%| F|  |TAMS 0x000000072f200000| PB 0x000000072f200000| Untracked 
| 378|0x000000072f400000, 0x000000072f400000, 0x000000072f600000|  0%| F|  |TAMS 0x000000072f400000| PB 0x000000072f400000| Untracked 
| 379|0x000000072f600000, 0x000000072f600000, 0x000000072f800000|  0%| F|  |TAMS 0x000000072f600000| PB 0x000000072f600000| Untracked 
| 380|0x000000072f800000, 0x000000072f800000, 0x000000072fa00000|  0%| F|  |TAMS 0x000000072f800000| PB 0x000000072f800000| Untracked 
| 381|0x000000072fa00000, 0x000000072fa00000, 0x000000072fc00000|  0%| F|  |TAMS 0x000000072fa00000| PB 0x000000072fa00000| Untracked 
| 382|0x000000072fc00000, 0x000000072fc00000, 0x000000072fe00000|  0%| F|  |TAMS 0x000000072fc00000| PB 0x000000072fc00000| Untracked 
| 383|0x000000072fe00000, 0x000000072fe00000, 0x0000000730000000|  0%| F|  |TAMS 0x000000072fe00000| PB 0x000000072fe00000| Untracked 
| 384|0x0000000730000000, 0x0000000730000000, 0x0000000730200000|  0%| F|  |TAMS 0x0000000730000000| PB 0x0000000730000000| Untracked 
| 385|0x0000000730200000, 0x0000000730200000, 0x0000000730400000|  0%| F|  |TAMS 0x0000000730200000| PB 0x0000000730200000| Untracked 
| 386|0x0000000730400000, 0x0000000730400000, 0x0000000730600000|  0%| F|  |TAMS 0x0000000730400000| PB 0x0000000730400000| Untracked 
| 387|0x0000000730600000, 0x0000000730600000, 0x0000000730800000|  0%| F|  |TAMS 0x0000000730600000| PB 0x0000000730600000| Untracked 
| 388|0x0000000730800000, 0x0000000730800000, 0x0000000730a00000|  0%| F|  |TAMS 0x0000000730800000| PB 0x0000000730800000| Untracked 
| 389|0x0000000730a00000, 0x0000000730a00000, 0x0000000730c00000|  0%| F|  |TAMS 0x0000000730a00000| PB 0x0000000730a00000| Untracked 
| 390|0x0000000730c00000, 0x0000000730c00000, 0x0000000730e00000|  0%| F|  |TAMS 0x0000000730c00000| PB 0x0000000730c00000| Untracked 
| 391|0x0000000730e00000, 0x0000000730e00000, 0x0000000731000000|  0%| F|  |TAMS 0x0000000730e00000| PB 0x0000000730e00000| Untracked 
| 392|0x0000000731000000, 0x0000000731000000, 0x0000000731200000|  0%| F|  |TAMS 0x0000000731000000| PB 0x0000000731000000| Untracked 
| 393|0x0000000731200000, 0x0000000731200000, 0x0000000731400000|  0%| F|  |TAMS 0x0000000731200000| PB 0x0000000731200000| Untracked 
| 394|0x0000000731400000, 0x0000000731400000, 0x0000000731600000|  0%| F|  |TAMS 0x0000000731400000| PB 0x0000000731400000| Untracked 
| 395|0x0000000731600000, 0x0000000731600000, 0x0000000731800000|  0%| F|  |TAMS 0x0000000731600000| PB 0x0000000731600000| Untracked 
| 396|0x0000000731800000, 0x0000000731800000, 0x0000000731a00000|  0%| F|  |TAMS 0x0000000731800000| PB 0x0000000731800000| Untracked 
| 397|0x0000000731a00000, 0x0000000731a00000, 0x0000000731c00000|  0%| F|  |TAMS 0x0000000731a00000| PB 0x0000000731a00000| Untracked 
| 398|0x0000000731c00000, 0x0000000731c00000, 0x0000000731e00000|  0%| F|  |TAMS 0x0000000731c00000| PB 0x0000000731c00000| Untracked 
| 399|0x0000000731e00000, 0x0000000731e00000, 0x0000000732000000|  0%| F|  |TAMS 0x0000000731e00000| PB 0x0000000731e00000| Untracked 
| 400|0x0000000732000000, 0x0000000732000000, 0x0000000732200000|  0%| F|  |TAMS 0x0000000732000000| PB 0x0000000732000000| Untracked 
| 401|0x0000000732200000, 0x0000000732200000, 0x0000000732400000|  0%| F|  |TAMS 0x0000000732200000| PB 0x0000000732200000| Untracked 
| 402|0x0000000732400000, 0x0000000732400000, 0x0000000732600000|  0%| F|  |TAMS 0x0000000732400000| PB 0x0000000732400000| Untracked 
| 403|0x0000000732600000, 0x0000000732600000, 0x0000000732800000|  0%| F|  |TAMS 0x0000000732600000| PB 0x0000000732600000| Untracked 
| 404|0x0000000732800000, 0x0000000732800000, 0x0000000732a00000|  0%| F|  |TAMS 0x0000000732800000| PB 0x0000000732800000| Untracked 
| 405|0x0000000732a00000, 0x0000000732a00000, 0x0000000732c00000|  0%| F|  |TAMS 0x0000000732a00000| PB 0x0000000732a00000| Untracked 
| 406|0x0000000732c00000, 0x0000000732c00000, 0x0000000732e00000|  0%| F|  |TAMS 0x0000000732c00000| PB 0x0000000732c00000| Untracked 
| 407|0x0000000732e00000, 0x0000000732e00000, 0x0000000733000000|  0%| F|  |TAMS 0x0000000732e00000| PB 0x0000000732e00000| Untracked 
| 408|0x0000000733000000, 0x0000000733000000, 0x0000000733200000|  0%| F|  |TAMS 0x0000000733000000| PB 0x0000000733000000| Untracked 
| 409|0x0000000733200000, 0x0000000733200000, 0x0000000733400000|  0%| F|  |TAMS 0x0000000733200000| PB 0x0000000733200000| Untracked 
| 410|0x0000000733400000, 0x0000000733400000, 0x0000000733600000|  0%| F|  |TAMS 0x0000000733400000| PB 0x0000000733400000| Untracked 
| 411|0x0000000733600000, 0x0000000733600000, 0x0000000733800000|  0%| F|  |TAMS 0x0000000733600000| PB 0x0000000733600000| Untracked 
| 412|0x0000000733800000, 0x0000000733800000, 0x0000000733a00000|  0%| F|  |TAMS 0x0000000733800000| PB 0x0000000733800000| Untracked 
| 413|0x0000000733a00000, 0x0000000733a00000, 0x0000000733c00000|  0%| F|  |TAMS 0x0000000733a00000| PB 0x0000000733a00000| Untracked 
| 414|0x0000000733c00000, 0x0000000733c00000, 0x0000000733e00000|  0%| F|  |TAMS 0x0000000733c00000| PB 0x0000000733c00000| Untracked 
| 415|0x0000000733e00000, 0x0000000733e00000, 0x0000000734000000|  0%| F|  |TAMS 0x0000000733e00000| PB 0x0000000733e00000| Untracked 
| 416|0x0000000734000000, 0x0000000734000000, 0x0000000734200000|  0%| F|  |TAMS 0x0000000734000000| PB 0x0000000734000000| Untracked 
| 417|0x0000000734200000, 0x0000000734200000, 0x0000000734400000|  0%| F|  |TAMS 0x0000000734200000| PB 0x0000000734200000| Untracked 
| 418|0x0000000734400000, 0x0000000734400000, 0x0000000734600000|  0%| F|  |TAMS 0x0000000734400000| PB 0x0000000734400000| Untracked 
| 419|0x0000000734600000, 0x0000000734600000, 0x0000000734800000|  0%| F|  |TAMS 0x0000000734600000| PB 0x0000000734600000| Untracked 
| 420|0x0000000734800000, 0x0000000734800000, 0x0000000734a00000|  0%| F|  |TAMS 0x0000000734800000| PB 0x0000000734800000| Untracked 
| 421|0x0000000734a00000, 0x0000000734a00000, 0x0000000734c00000|  0%| F|  |TAMS 0x0000000734a00000| PB 0x0000000734a00000| Untracked 
| 422|0x0000000734c00000, 0x0000000734c00000, 0x0000000734e00000|  0%| F|  |TAMS 0x0000000734c00000| PB 0x0000000734c00000| Untracked 
| 423|0x0000000734e00000, 0x0000000734e00000, 0x0000000735000000|  0%| F|  |TAMS 0x0000000734e00000| PB 0x0000000734e00000| Untracked 
| 424|0x0000000735000000, 0x0000000735000000, 0x0000000735200000|  0%| F|  |TAMS 0x0000000735000000| PB 0x0000000735000000| Untracked 
| 425|0x0000000735200000, 0x0000000735200000, 0x0000000735400000|  0%| F|  |TAMS 0x0000000735200000| PB 0x0000000735200000| Untracked 
| 426|0x0000000735400000, 0x0000000735400000, 0x0000000735600000|  0%| F|  |TAMS 0x0000000735400000| PB 0x0000000735400000| Untracked 
| 427|0x0000000735600000, 0x0000000735600000, 0x0000000735800000|  0%| F|  |TAMS 0x0000000735600000| PB 0x0000000735600000| Untracked 
| 428|0x0000000735800000, 0x0000000735800000, 0x0000000735a00000|  0%| F|  |TAMS 0x0000000735800000| PB 0x0000000735800000| Untracked 
| 429|0x0000000735a00000, 0x0000000735a00000, 0x0000000735c00000|  0%| F|  |TAMS 0x0000000735a00000| PB 0x0000000735a00000| Untracked 
| 430|0x0000000735c00000, 0x0000000735c00000, 0x0000000735e00000|  0%| F|  |TAMS 0x0000000735c00000| PB 0x0000000735c00000| Untracked 
| 431|0x0000000735e00000, 0x0000000735e00000, 0x0000000736000000|  0%| F|  |TAMS 0x0000000735e00000| PB 0x0000000735e00000| Untracked 
| 432|0x0000000736000000, 0x0000000736000000, 0x0000000736200000|  0%| F|  |TAMS 0x0000000736000000| PB 0x0000000736000000| Untracked 
| 433|0x0000000736200000, 0x0000000736200000, 0x0000000736400000|  0%| F|  |TAMS 0x0000000736200000| PB 0x0000000736200000| Untracked 
| 434|0x0000000736400000, 0x0000000736400000, 0x0000000736600000|  0%| F|  |TAMS 0x0000000736400000| PB 0x0000000736400000| Untracked 
| 435|0x0000000736600000, 0x0000000736600000, 0x0000000736800000|  0%| F|  |TAMS 0x0000000736600000| PB 0x0000000736600000| Untracked 
| 436|0x0000000736800000, 0x0000000736800000, 0x0000000736a00000|  0%| F|  |TAMS 0x0000000736800000| PB 0x0000000736800000| Untracked 
| 437|0x0000000736a00000, 0x0000000736a00000, 0x0000000736c00000|  0%| F|  |TAMS 0x0000000736a00000| PB 0x0000000736a00000| Untracked 
| 438|0x0000000736c00000, 0x0000000736c00000, 0x0000000736e00000|  0%| F|  |TAMS 0x0000000736c00000| PB 0x0000000736c00000| Untracked 
| 439|0x0000000736e00000, 0x0000000736e00000, 0x0000000737000000|  0%| F|  |TAMS 0x0000000736e00000| PB 0x0000000736e00000| Untracked 
| 440|0x0000000737000000, 0x0000000737000000, 0x0000000737200000|  0%| F|  |TAMS 0x0000000737000000| PB 0x0000000737000000| Untracked 
| 441|0x0000000737200000, 0x00000007373bca18, 0x0000000737400000| 86%| E|  |TAMS 0x0000000737200000| PB 0x0000000737200000| Complete 
| 442|0x0000000737400000, 0x0000000737600000, 0x0000000737600000|100%| E|CS|TAMS 0x0000000737400000| PB 0x0000000737400000| Complete 
| 443|0x0000000737600000, 0x0000000737800000, 0x0000000737800000|100%| E|CS|TAMS 0x0000000737600000| PB 0x0000000737600000| Complete 
| 444|0x0000000737800000, 0x0000000737a00000, 0x0000000737a00000|100%| E|CS|TAMS 0x0000000737800000| PB 0x0000000737800000| Complete 
| 445|0x0000000737a00000, 0x0000000737c00000, 0x0000000737c00000|100%| E|CS|TAMS 0x0000000737a00000| PB 0x0000000737a00000| Complete 
| 446|0x0000000737c00000, 0x0000000737e00000, 0x0000000737e00000|100%| E|CS|TAMS 0x0000000737c00000| PB 0x0000000737c00000| Complete 
| 447|0x0000000737e00000, 0x0000000738000000, 0x0000000738000000|100%| E|CS|TAMS 0x0000000737e00000| PB 0x0000000737e00000| Complete 
| 448|0x0000000738000000, 0x0000000738200000, 0x0000000738200000|100%| E|CS|TAMS 0x0000000738000000| PB 0x0000000738000000| Complete 
| 449|0x0000000738200000, 0x0000000738400000, 0x0000000738400000|100%| E|CS|TAMS 0x0000000738200000| PB 0x0000000738200000| Complete 
| 450|0x0000000738400000, 0x0000000738600000, 0x0000000738600000|100%| E|CS|TAMS 0x0000000738400000| PB 0x0000000738400000| Complete 
| 451|0x0000000738600000, 0x0000000738800000, 0x0000000738800000|100%| E|CS|TAMS 0x0000000738600000| PB 0x0000000738600000| Complete 
| 452|0x0000000738800000, 0x0000000738a00000, 0x0000000738a00000|100%| E|CS|TAMS 0x0000000738800000| PB 0x0000000738800000| Complete 
| 453|0x0000000738a00000, 0x0000000738c00000, 0x0000000738c00000|100%| E|CS|TAMS 0x0000000738a00000| PB 0x0000000738a00000| Complete 
| 454|0x0000000738c00000, 0x0000000738e00000, 0x0000000738e00000|100%| E|CS|TAMS 0x0000000738c00000| PB 0x0000000738c00000| Complete 
| 455|0x0000000738e00000, 0x0000000739000000, 0x0000000739000000|100%| E|CS|TAMS 0x0000000738e00000| PB 0x0000000738e00000| Complete 
| 456|0x0000000739000000, 0x0000000739200000, 0x0000000739200000|100%| E|CS|TAMS 0x0000000739000000| PB 0x0000000739000000| Complete 
| 457|0x0000000739200000, 0x0000000739400000, 0x0000000739400000|100%| E|CS|TAMS 0x0000000739200000| PB 0x0000000739200000| Complete 
| 458|0x0000000739400000, 0x0000000739600000, 0x0000000739600000|100%| E|CS|TAMS 0x0000000739400000| PB 0x0000000739400000| Complete 
| 459|0x0000000739600000, 0x0000000739800000, 0x0000000739800000|100%| E|CS|TAMS 0x0000000739600000| PB 0x0000000739600000| Complete 
| 460|0x0000000739800000, 0x0000000739a00000, 0x0000000739a00000|100%| E|CS|TAMS 0x0000000739800000| PB 0x0000000739800000| Complete 
| 461|0x0000000739a00000, 0x0000000739c00000, 0x0000000739c00000|100%| E|CS|TAMS 0x0000000739a00000| PB 0x0000000739a00000| Complete 
| 462|0x0000000739c00000, 0x0000000739e00000, 0x0000000739e00000|100%| E|CS|TAMS 0x0000000739c00000| PB 0x0000000739c00000| Complete 
| 463|0x0000000739e00000, 0x000000073a000000, 0x000000073a000000|100%| E|CS|TAMS 0x0000000739e00000| PB 0x0000000739e00000| Complete 
| 464|0x000000073a000000, 0x000000073a200000, 0x000000073a200000|100%| E|CS|TAMS 0x000000073a000000| PB 0x000000073a000000| Complete 
| 465|0x000000073a200000, 0x000000073a400000, 0x000000073a400000|100%| E|CS|TAMS 0x000000073a200000| PB 0x000000073a200000| Complete 
| 466|0x000000073a400000, 0x000000073a600000, 0x000000073a600000|100%| E|CS|TAMS 0x000000073a400000| PB 0x000000073a400000| Complete 
| 467|0x000000073a600000, 0x000000073a800000, 0x000000073a800000|100%| E|CS|TAMS 0x000000073a600000| PB 0x000000073a600000| Complete 
| 468|0x000000073a800000, 0x000000073aa00000, 0x000000073aa00000|100%| E|CS|TAMS 0x000000073a800000| PB 0x000000073a800000| Complete 
| 469|0x000000073aa00000, 0x000000073ac00000, 0x000000073ac00000|100%| E|CS|TAMS 0x000000073aa00000| PB 0x000000073aa00000| Complete 
| 470|0x000000073ac00000, 0x000000073ae00000, 0x000000073ae00000|100%| E|CS|TAMS 0x000000073ac00000| PB 0x000000073ac00000| Complete 
| 471|0x000000073ae00000, 0x000000073b000000, 0x000000073b000000|100%| E|CS|TAMS 0x000000073ae00000| PB 0x000000073ae00000| Complete 
| 472|0x000000073b000000, 0x000000073b200000, 0x000000073b200000|100%| S|CS|TAMS 0x000000073b000000| PB 0x000000073b000000| Complete 
| 473|0x000000073b200000, 0x000000073b400000, 0x000000073b400000|100%| S|CS|TAMS 0x000000073b200000| PB 0x000000073b200000| Complete 
| 474|0x000000073b400000, 0x000000073b600000, 0x000000073b600000|100%| E|CS|TAMS 0x000000073b400000| PB 0x000000073b400000| Complete 
| 475|0x000000073b600000, 0x000000073b800000, 0x000000073b800000|100%| E|CS|TAMS 0x000000073b600000| PB 0x000000073b600000| Complete 
| 476|0x000000073b800000, 0x000000073ba00000, 0x000000073ba00000|100%| E|CS|TAMS 0x000000073b800000| PB 0x000000073b800000| Complete 
| 477|0x000000073ba00000, 0x000000073bc00000, 0x000000073bc00000|100%| E|CS|TAMS 0x000000073ba00000| PB 0x000000073ba00000| Complete 
| 478|0x000000073bc00000, 0x000000073be00000, 0x000000073be00000|100%| E|CS|TAMS 0x000000073bc00000| PB 0x000000073bc00000| Complete 
| 479|0x000000073be00000, 0x000000073c000000, 0x000000073c000000|100%| E|CS|TAMS 0x000000073be00000| PB 0x000000073be00000| Complete 
| 480|0x000000073c000000, 0x000000073c200000, 0x000000073c200000|100%| E|CS|TAMS 0x000000073c000000| PB 0x000000073c000000| Complete 
| 481|0x000000073c200000, 0x000000073c400000, 0x000000073c400000|100%| E|CS|TAMS 0x000000073c200000| PB 0x000000073c200000| Complete 
| 482|0x000000073c400000, 0x000000073c600000, 0x000000073c600000|100%| E|CS|TAMS 0x000000073c400000| PB 0x000000073c400000| Complete 
| 483|0x000000073c600000, 0x000000073c800000, 0x000000073c800000|100%| E|CS|TAMS 0x000000073c600000| PB 0x000000073c600000| Complete 
| 484|0x000000073c800000, 0x000000073ca00000, 0x000000073ca00000|100%| E|CS|TAMS 0x000000073c800000| PB 0x000000073c800000| Complete 
| 485|0x000000073ca00000, 0x000000073cc00000, 0x000000073cc00000|100%| E|CS|TAMS 0x000000073ca00000| PB 0x000000073ca00000| Complete 
| 486|0x000000073cc00000, 0x000000073ce00000, 0x000000073ce00000|100%| E|CS|TAMS 0x000000073cc00000| PB 0x000000073cc00000| Complete 
| 487|0x000000073ce00000, 0x000000073d000000, 0x000000073d000000|100%| E|CS|TAMS 0x000000073ce00000| PB 0x000000073ce00000| Complete 
| 488|0x000000073d000000, 0x000000073d200000, 0x000000073d200000|100%| E|CS|TAMS 0x000000073d000000| PB 0x000000073d000000| Complete 
| 489|0x000000073d200000, 0x000000073d400000, 0x000000073d400000|100%| E|CS|TAMS 0x000000073d200000| PB 0x000000073d200000| Complete 
| 490|0x000000073d400000, 0x000000073d600000, 0x000000073d600000|100%| E|CS|TAMS 0x000000073d400000| PB 0x000000073d400000| Complete 
| 491|0x000000073d600000, 0x000000073d800000, 0x000000073d800000|100%| E|CS|TAMS 0x000000073d600000| PB 0x000000073d600000| Complete 
| 492|0x000000073d800000, 0x000000073da00000, 0x000000073da00000|100%| E|CS|TAMS 0x000000073d800000| PB 0x000000073d800000| Complete 
| 493|0x000000073da00000, 0x000000073dc00000, 0x000000073dc00000|100%| E|CS|TAMS 0x000000073da00000| PB 0x000000073da00000| Complete 
| 494|0x000000073dc00000, 0x000000073de00000, 0x000000073de00000|100%| E|CS|TAMS 0x000000073dc00000| PB 0x000000073dc00000| Complete 
| 495|0x000000073de00000, 0x000000073e000000, 0x000000073e000000|100%| E|CS|TAMS 0x000000073de00000| PB 0x000000073de00000| Complete 
| 496|0x000000073e000000, 0x000000073e200000, 0x000000073e200000|100%| E|CS|TAMS 0x000000073e000000| PB 0x000000073e000000| Complete 
| 497|0x000000073e200000, 0x000000073e400000, 0x000000073e400000|100%| E|CS|TAMS 0x000000073e200000| PB 0x000000073e200000| Complete 
| 498|0x000000073e400000, 0x000000073e600000, 0x000000073e600000|100%| E|CS|TAMS 0x000000073e400000| PB 0x000000073e400000| Complete 
| 499|0x000000073e600000, 0x000000073e800000, 0x000000073e800000|100%| E|CS|TAMS 0x000000073e600000| PB 0x000000073e600000| Complete 
| 500|0x000000073e800000, 0x000000073ea00000, 0x000000073ea00000|100%| E|CS|TAMS 0x000000073e800000| PB 0x000000073e800000| Complete 
| 501|0x000000073ea00000, 0x000000073ec00000, 0x000000073ec00000|100%| E|CS|TAMS 0x000000073ea00000| PB 0x000000073ea00000| Complete 
| 502|0x000000073ec00000, 0x000000073ee00000, 0x000000073ee00000|100%| E|CS|TAMS 0x000000073ec00000| PB 0x000000073ec00000| Complete 
| 503|0x000000073ee00000, 0x000000073f000000, 0x000000073f000000|100%| E|CS|TAMS 0x000000073ee00000| PB 0x000000073ee00000| Complete 
| 504|0x000000073f000000, 0x000000073f200000, 0x000000073f200000|100%| E|CS|TAMS 0x000000073f000000| PB 0x000000073f000000| Complete 
| 505|0x000000073f200000, 0x000000073f400000, 0x000000073f400000|100%| E|CS|TAMS 0x000000073f200000| PB 0x000000073f200000| Complete 
| 506|0x000000073f400000, 0x000000073f600000, 0x000000073f600000|100%| E|CS|TAMS 0x000000073f400000| PB 0x000000073f400000| Complete 
| 507|0x000000073f600000, 0x000000073f800000, 0x000000073f800000|100%| E|CS|TAMS 0x000000073f600000| PB 0x000000073f600000| Complete 
| 508|0x000000073f800000, 0x000000073fa00000, 0x000000073fa00000|100%| E|CS|TAMS 0x000000073f800000| PB 0x000000073f800000| Complete 
| 509|0x000000073fa00000, 0x000000073fc00000, 0x000000073fc00000|100%| E|CS|TAMS 0x000000073fa00000| PB 0x000000073fa00000| Complete 
| 510|0x000000073fc00000, 0x000000073fe00000, 0x000000073fe00000|100%| E|CS|TAMS 0x000000073fc00000| PB 0x000000073fc00000| Complete 
| 511|0x000000073fe00000, 0x0000000740000000, 0x0000000740000000|100%| E|CS|TAMS 0x000000073fe00000| PB 0x000000073fe00000| Complete 
| 512|0x0000000740000000, 0x0000000740200000, 0x0000000740200000|100%| E|CS|TAMS 0x0000000740000000| PB 0x0000000740000000| Complete 
| 513|0x0000000740200000, 0x0000000740400000, 0x0000000740400000|100%| E|CS|TAMS 0x0000000740200000| PB 0x0000000740200000| Complete 
| 514|0x0000000740400000, 0x0000000740600000, 0x0000000740600000|100%| E|CS|TAMS 0x0000000740400000| PB 0x0000000740400000| Complete 
| 515|0x0000000740600000, 0x0000000740800000, 0x0000000740800000|100%| E|CS|TAMS 0x0000000740600000| PB 0x0000000740600000| Complete 
| 516|0x0000000740800000, 0x0000000740a00000, 0x0000000740a00000|100%| E|CS|TAMS 0x0000000740800000| PB 0x0000000740800000| Complete 
| 517|0x0000000740a00000, 0x0000000740c00000, 0x0000000740c00000|100%| E|CS|TAMS 0x0000000740a00000| PB 0x0000000740a00000| Complete 
| 518|0x0000000740c00000, 0x0000000740e00000, 0x0000000740e00000|100%| E|CS|TAMS 0x0000000740c00000| PB 0x0000000740c00000| Complete 
| 519|0x0000000740e00000, 0x0000000741000000, 0x0000000741000000|100%| E|CS|TAMS 0x0000000740e00000| PB 0x0000000740e00000| Complete 
| 520|0x0000000741000000, 0x0000000741200000, 0x0000000741200000|100%| E|CS|TAMS 0x0000000741000000| PB 0x0000000741000000| Complete 
| 521|0x0000000741200000, 0x0000000741400000, 0x0000000741400000|100%| E|CS|TAMS 0x0000000741200000| PB 0x0000000741200000| Complete 
| 522|0x0000000741400000, 0x0000000741600000, 0x0000000741600000|100%| E|CS|TAMS 0x0000000741400000| PB 0x0000000741400000| Complete 
| 523|0x0000000741600000, 0x0000000741800000, 0x0000000741800000|100%| E|CS|TAMS 0x0000000741600000| PB 0x0000000741600000| Complete 
| 524|0x0000000741800000, 0x0000000741a00000, 0x0000000741a00000|100%| E|CS|TAMS 0x0000000741800000| PB 0x0000000741800000| Complete 
| 525|0x0000000741a00000, 0x0000000741c00000, 0x0000000741c00000|100%| E|CS|TAMS 0x0000000741a00000| PB 0x0000000741a00000| Complete 
| 526|0x0000000741c00000, 0x0000000741e00000, 0x0000000741e00000|100%| E|CS|TAMS 0x0000000741c00000| PB 0x0000000741c00000| Complete 
| 527|0x0000000741e00000, 0x0000000742000000, 0x0000000742000000|100%| E|CS|TAMS 0x0000000741e00000| PB 0x0000000741e00000| Complete 
| 528|0x0000000742000000, 0x0000000742200000, 0x0000000742200000|100%| E|CS|TAMS 0x0000000742000000| PB 0x0000000742000000| Complete 
| 529|0x0000000742200000, 0x0000000742400000, 0x0000000742400000|100%| E|CS|TAMS 0x0000000742200000| PB 0x0000000742200000| Complete 
| 530|0x0000000742400000, 0x0000000742600000, 0x0000000742600000|100%| E|CS|TAMS 0x0000000742400000| PB 0x0000000742400000| Complete 
| 531|0x0000000742600000, 0x0000000742800000, 0x0000000742800000|100%| E|CS|TAMS 0x0000000742600000| PB 0x0000000742600000| Complete 
| 532|0x0000000742800000, 0x0000000742a00000, 0x0000000742a00000|100%| E|CS|TAMS 0x0000000742800000| PB 0x0000000742800000| Complete 
| 533|0x0000000742a00000, 0x0000000742c00000, 0x0000000742c00000|100%| E|CS|TAMS 0x0000000742a00000| PB 0x0000000742a00000| Complete 
| 534|0x0000000742c00000, 0x0000000742e00000, 0x0000000742e00000|100%| E|CS|TAMS 0x0000000742c00000| PB 0x0000000742c00000| Complete 
| 535|0x0000000742e00000, 0x0000000743000000, 0x0000000743000000|100%| E|CS|TAMS 0x0000000742e00000| PB 0x0000000742e00000| Complete 
| 536|0x0000000743000000, 0x0000000743200000, 0x0000000743200000|100%| E|CS|TAMS 0x0000000743000000| PB 0x0000000743000000| Complete 
| 537|0x0000000743200000, 0x0000000743400000, 0x0000000743400000|100%| E|CS|TAMS 0x0000000743200000| PB 0x0000000743200000| Complete 
| 538|0x0000000743400000, 0x0000000743600000, 0x0000000743600000|100%| E|CS|TAMS 0x0000000743400000| PB 0x0000000743400000| Complete 
| 539|0x0000000743600000, 0x0000000743800000, 0x0000000743800000|100%| E|CS|TAMS 0x0000000743600000| PB 0x0000000743600000| Complete 
| 540|0x0000000743800000, 0x0000000743a00000, 0x0000000743a00000|100%| E|CS|TAMS 0x0000000743800000| PB 0x0000000743800000| Complete 
| 541|0x0000000743a00000, 0x0000000743c00000, 0x0000000743c00000|100%| E|CS|TAMS 0x0000000743a00000| PB 0x0000000743a00000| Complete 
| 542|0x0000000743c00000, 0x0000000743e00000, 0x0000000743e00000|100%| E|CS|TAMS 0x0000000743c00000| PB 0x0000000743c00000| Complete 
| 543|0x0000000743e00000, 0x0000000744000000, 0x0000000744000000|100%| E|CS|TAMS 0x0000000743e00000| PB 0x0000000743e00000| Complete 
| 544|0x0000000744000000, 0x0000000744200000, 0x0000000744200000|100%| E|CS|TAMS 0x0000000744000000| PB 0x0000000744000000| Complete 
| 545|0x0000000744200000, 0x0000000744400000, 0x0000000744400000|100%| E|CS|TAMS 0x0000000744200000| PB 0x0000000744200000| Complete 
| 546|0x0000000744400000, 0x0000000744600000, 0x0000000744600000|100%| E|CS|TAMS 0x0000000744400000| PB 0x0000000744400000| Complete 
| 547|0x0000000744600000, 0x0000000744800000, 0x0000000744800000|100%| E|CS|TAMS 0x0000000744600000| PB 0x0000000744600000| Complete 
| 548|0x0000000744800000, 0x0000000744a00000, 0x0000000744a00000|100%| E|CS|TAMS 0x0000000744800000| PB 0x0000000744800000| Complete 
| 549|0x0000000744a00000, 0x0000000744c00000, 0x0000000744c00000|100%| E|CS|TAMS 0x0000000744a00000| PB 0x0000000744a00000| Complete 
| 550|0x0000000744c00000, 0x0000000744e00000, 0x0000000744e00000|100%| E|CS|TAMS 0x0000000744c00000| PB 0x0000000744c00000| Complete 
| 551|0x0000000744e00000, 0x0000000745000000, 0x0000000745000000|100%| E|CS|TAMS 0x0000000744e00000| PB 0x0000000744e00000| Complete 
| 552|0x0000000745000000, 0x0000000745200000, 0x0000000745200000|100%| E|CS|TAMS 0x0000000745000000| PB 0x0000000745000000| Complete 
| 553|0x0000000745200000, 0x0000000745400000, 0x0000000745400000|100%| E|CS|TAMS 0x0000000745200000| PB 0x0000000745200000| Complete 
| 554|0x0000000745400000, 0x0000000745600000, 0x0000000745600000|100%| E|CS|TAMS 0x0000000745400000| PB 0x0000000745400000| Complete 
| 555|0x0000000745600000, 0x0000000745800000, 0x0000000745800000|100%| E|CS|TAMS 0x0000000745600000| PB 0x0000000745600000| Complete 
| 556|0x0000000745800000, 0x0000000745a00000, 0x0000000745a00000|100%| E|CS|TAMS 0x0000000745800000| PB 0x0000000745800000| Complete 
| 557|0x0000000745a00000, 0x0000000745c00000, 0x0000000745c00000|100%| E|CS|TAMS 0x0000000745a00000| PB 0x0000000745a00000| Complete 
| 558|0x0000000745c00000, 0x0000000745e00000, 0x0000000745e00000|100%| E|CS|TAMS 0x0000000745c00000| PB 0x0000000745c00000| Complete 
| 559|0x0000000745e00000, 0x0000000746000000, 0x0000000746000000|100%| E|CS|TAMS 0x0000000745e00000| PB 0x0000000745e00000| Complete 
| 560|0x0000000746000000, 0x0000000746200000, 0x0000000746200000|100%| E|CS|TAMS 0x0000000746000000| PB 0x0000000746000000| Complete 
| 561|0x0000000746200000, 0x0000000746400000, 0x0000000746400000|100%| E|CS|TAMS 0x0000000746200000| PB 0x0000000746200000| Complete 
| 562|0x0000000746400000, 0x0000000746600000, 0x0000000746600000|100%| E|CS|TAMS 0x0000000746400000| PB 0x0000000746400000| Complete 
| 563|0x0000000746600000, 0x0000000746800000, 0x0000000746800000|100%| E|CS|TAMS 0x0000000746600000| PB 0x0000000746600000| Complete 
| 564|0x0000000746800000, 0x0000000746a00000, 0x0000000746a00000|100%| E|CS|TAMS 0x0000000746800000| PB 0x0000000746800000| Complete 
| 565|0x0000000746a00000, 0x0000000746c00000, 0x0000000746c00000|100%| E|CS|TAMS 0x0000000746a00000| PB 0x0000000746a00000| Complete 
| 566|0x0000000746c00000, 0x0000000746e00000, 0x0000000746e00000|100%| E|CS|TAMS 0x0000000746c00000| PB 0x0000000746c00000| Complete 
| 567|0x0000000746e00000, 0x0000000747000000, 0x0000000747000000|100%| E|CS|TAMS 0x0000000746e00000| PB 0x0000000746e00000| Complete 
| 568|0x0000000747000000, 0x0000000747200000, 0x0000000747200000|100%| E|CS|TAMS 0x0000000747000000| PB 0x0000000747000000| Complete 
| 569|0x0000000747200000, 0x0000000747400000, 0x0000000747400000|100%| E|CS|TAMS 0x0000000747200000| PB 0x0000000747200000| Complete 
| 570|0x0000000747400000, 0x0000000747600000, 0x0000000747600000|100%| E|CS|TAMS 0x0000000747400000| PB 0x0000000747400000| Complete 
| 571|0x0000000747600000, 0x0000000747800000, 0x0000000747800000|100%| E|CS|TAMS 0x0000000747600000| PB 0x0000000747600000| Complete 
| 572|0x0000000747800000, 0x0000000747a00000, 0x0000000747a00000|100%| E|CS|TAMS 0x0000000747800000| PB 0x0000000747800000| Complete 
| 573|0x0000000747a00000, 0x0000000747c00000, 0x0000000747c00000|100%| E|CS|TAMS 0x0000000747a00000| PB 0x0000000747a00000| Complete 
| 574|0x0000000747c00000, 0x0000000747e00000, 0x0000000747e00000|100%| E|CS|TAMS 0x0000000747c00000| PB 0x0000000747c00000| Complete 
| 575|0x0000000747e00000, 0x0000000748000000, 0x0000000748000000|100%| E|CS|TAMS 0x0000000747e00000| PB 0x0000000747e00000| Complete 
| 576|0x0000000748000000, 0x0000000748200000, 0x0000000748200000|100%| E|CS|TAMS 0x0000000748000000| PB 0x0000000748000000| Complete 
| 577|0x0000000748200000, 0x0000000748400000, 0x0000000748400000|100%| E|CS|TAMS 0x0000000748200000| PB 0x0000000748200000| Complete 
| 578|0x0000000748400000, 0x0000000748600000, 0x0000000748600000|100%| E|CS|TAMS 0x0000000748400000| PB 0x0000000748400000| Complete 
| 579|0x0000000748600000, 0x0000000748800000, 0x0000000748800000|100%| E|CS|TAMS 0x0000000748600000| PB 0x0000000748600000| Complete 
| 580|0x0000000748800000, 0x0000000748a00000, 0x0000000748a00000|100%| E|CS|TAMS 0x0000000748800000| PB 0x0000000748800000| Complete 
| 581|0x0000000748a00000, 0x0000000748c00000, 0x0000000748c00000|100%| E|CS|TAMS 0x0000000748a00000| PB 0x0000000748a00000| Complete 
| 582|0x0000000748c00000, 0x0000000748e00000, 0x0000000748e00000|100%| E|CS|TAMS 0x0000000748c00000| PB 0x0000000748c00000| Complete 
| 583|0x0000000748e00000, 0x0000000749000000, 0x0000000749000000|100%| E|CS|TAMS 0x0000000748e00000| PB 0x0000000748e00000| Complete 
| 584|0x0000000749000000, 0x0000000749200000, 0x0000000749200000|100%| E|CS|TAMS 0x0000000749000000| PB 0x0000000749000000| Complete 
| 585|0x0000000749200000, 0x0000000749400000, 0x0000000749400000|100%| E|CS|TAMS 0x0000000749200000| PB 0x0000000749200000| Complete 
| 586|0x0000000749400000, 0x0000000749600000, 0x0000000749600000|100%| E|CS|TAMS 0x0000000749400000| PB 0x0000000749400000| Complete 
| 587|0x0000000749600000, 0x0000000749800000, 0x0000000749800000|100%| E|CS|TAMS 0x0000000749600000| PB 0x0000000749600000| Complete 
| 588|0x0000000749800000, 0x0000000749a00000, 0x0000000749a00000|100%| E|CS|TAMS 0x0000000749800000| PB 0x0000000749800000| Complete 
| 589|0x0000000749a00000, 0x0000000749c00000, 0x0000000749c00000|100%| E|CS|TAMS 0x0000000749a00000| PB 0x0000000749a00000| Complete 
| 590|0x0000000749c00000, 0x0000000749e00000, 0x0000000749e00000|100%| E|CS|TAMS 0x0000000749c00000| PB 0x0000000749c00000| Complete 
| 591|0x0000000749e00000, 0x000000074a000000, 0x000000074a000000|100%| E|CS|TAMS 0x0000000749e00000| PB 0x0000000749e00000| Complete 
| 592|0x000000074a000000, 0x000000074a200000, 0x000000074a200000|100%| E|CS|TAMS 0x000000074a000000| PB 0x000000074a000000| Complete 
| 593|0x000000074a200000, 0x000000074a400000, 0x000000074a400000|100%| E|CS|TAMS 0x000000074a200000| PB 0x000000074a200000| Complete 
| 594|0x000000074a400000, 0x000000074a600000, 0x000000074a600000|100%| E|CS|TAMS 0x000000074a400000| PB 0x000000074a400000| Complete 
| 595|0x000000074a600000, 0x000000074a800000, 0x000000074a800000|100%| E|CS|TAMS 0x000000074a600000| PB 0x000000074a600000| Complete 
| 596|0x000000074a800000, 0x000000074aa00000, 0x000000074aa00000|100%| E|CS|TAMS 0x000000074a800000| PB 0x000000074a800000| Complete 
| 597|0x000000074aa00000, 0x000000074ac00000, 0x000000074ac00000|100%| E|CS|TAMS 0x000000074aa00000| PB 0x000000074aa00000| Complete 
| 598|0x000000074ac00000, 0x000000074ae00000, 0x000000074ae00000|100%| E|CS|TAMS 0x000000074ac00000| PB 0x000000074ac00000| Complete 
| 599|0x000000074ae00000, 0x000000074b000000, 0x000000074b000000|100%| E|CS|TAMS 0x000000074ae00000| PB 0x000000074ae00000| Complete 
| 600|0x000000074b000000, 0x000000074b200000, 0x000000074b200000|100%| E|CS|TAMS 0x000000074b000000| PB 0x000000074b000000| Complete 
| 601|0x000000074b200000, 0x000000074b400000, 0x000000074b400000|100%| E|CS|TAMS 0x000000074b200000| PB 0x000000074b200000| Complete 
| 602|0x000000074b400000, 0x000000074b600000, 0x000000074b600000|100%| E|CS|TAMS 0x000000074b400000| PB 0x000000074b400000| Complete 
| 603|0x000000074b600000, 0x000000074b800000, 0x000000074b800000|100%| E|CS|TAMS 0x000000074b600000| PB 0x000000074b600000| Complete 
| 604|0x000000074b800000, 0x000000074ba00000, 0x000000074ba00000|100%| E|CS|TAMS 0x000000074b800000| PB 0x000000074b800000| Complete 
| 605|0x000000074ba00000, 0x000000074bc00000, 0x000000074bc00000|100%| E|CS|TAMS 0x000000074ba00000| PB 0x000000074ba00000| Complete 
| 606|0x000000074bc00000, 0x000000074be00000, 0x000000074be00000|100%| E|CS|TAMS 0x000000074bc00000| PB 0x000000074bc00000| Complete 
| 607|0x000000074be00000, 0x000000074c000000, 0x000000074c000000|100%| E|CS|TAMS 0x000000074be00000| PB 0x000000074be00000| Complete 
| 608|0x000000074c000000, 0x000000074c200000, 0x000000074c200000|100%| E|CS|TAMS 0x000000074c000000| PB 0x000000074c000000| Complete 
| 609|0x000000074c200000, 0x000000074c400000, 0x000000074c400000|100%| E|CS|TAMS 0x000000074c200000| PB 0x000000074c200000| Complete 
| 610|0x000000074c400000, 0x000000074c600000, 0x000000074c600000|100%| E|CS|TAMS 0x000000074c400000| PB 0x000000074c400000| Complete 
| 611|0x000000074c600000, 0x000000074c800000, 0x000000074c800000|100%| E|CS|TAMS 0x000000074c600000| PB 0x000000074c600000| Complete 
| 612|0x000000074c800000, 0x000000074ca00000, 0x000000074ca00000|100%| E|CS|TAMS 0x000000074c800000| PB 0x000000074c800000| Complete 
| 613|0x000000074ca00000, 0x000000074cc00000, 0x000000074cc00000|100%| E|CS|TAMS 0x000000074ca00000| PB 0x000000074ca00000| Complete 
| 614|0x000000074cc00000, 0x000000074ce00000, 0x000000074ce00000|100%| E|CS|TAMS 0x000000074cc00000| PB 0x000000074cc00000| Complete 
| 615|0x000000074ce00000, 0x000000074d000000, 0x000000074d000000|100%| E|CS|TAMS 0x000000074ce00000| PB 0x000000074ce00000| Complete 
| 616|0x000000074d000000, 0x000000074d200000, 0x000000074d200000|100%| E|CS|TAMS 0x000000074d000000| PB 0x000000074d000000| Complete 
| 617|0x000000074d200000, 0x000000074d400000, 0x000000074d400000|100%| E|CS|TAMS 0x000000074d200000| PB 0x000000074d200000| Complete 
| 618|0x000000074d400000, 0x000000074d600000, 0x000000074d600000|100%| E|CS|TAMS 0x000000074d400000| PB 0x000000074d400000| Complete 
| 619|0x000000074d600000, 0x000000074d800000, 0x000000074d800000|100%| E|CS|TAMS 0x000000074d600000| PB 0x000000074d600000| Complete 
| 620|0x000000074d800000, 0x000000074da00000, 0x000000074da00000|100%| E|CS|TAMS 0x000000074d800000| PB 0x000000074d800000| Complete 
| 621|0x000000074da00000, 0x000000074dc00000, 0x000000074dc00000|100%| E|CS|TAMS 0x000000074da00000| PB 0x000000074da00000| Complete 
| 622|0x000000074dc00000, 0x000000074de00000, 0x000000074de00000|100%| E|CS|TAMS 0x000000074dc00000| PB 0x000000074dc00000| Complete 
| 623|0x000000074de00000, 0x000000074e000000, 0x000000074e000000|100%| E|CS|TAMS 0x000000074de00000| PB 0x000000074de00000| Complete 
| 624|0x000000074e000000, 0x000000074e200000, 0x000000074e200000|100%| E|CS|TAMS 0x000000074e000000| PB 0x000000074e000000| Complete 
| 625|0x000000074e200000, 0x000000074e400000, 0x000000074e400000|100%| E|CS|TAMS 0x000000074e200000| PB 0x000000074e200000| Complete 
| 626|0x000000074e400000, 0x000000074e600000, 0x000000074e600000|100%| E|CS|TAMS 0x000000074e400000| PB 0x000000074e400000| Complete 
| 627|0x000000074e600000, 0x000000074e800000, 0x000000074e800000|100%| E|CS|TAMS 0x000000074e600000| PB 0x000000074e600000| Complete 
| 628|0x000000074e800000, 0x000000074ea00000, 0x000000074ea00000|100%| E|CS|TAMS 0x000000074e800000| PB 0x000000074e800000| Complete 
| 629|0x000000074ea00000, 0x000000074ec00000, 0x000000074ec00000|100%| E|CS|TAMS 0x000000074ea00000| PB 0x000000074ea00000| Complete 
| 630|0x000000074ec00000, 0x000000074ee00000, 0x000000074ee00000|100%| E|CS|TAMS 0x000000074ec00000| PB 0x000000074ec00000| Complete 
| 631|0x000000074ee00000, 0x000000074f000000, 0x000000074f000000|100%| E|CS|TAMS 0x000000074ee00000| PB 0x000000074ee00000| Complete 
| 632|0x000000074f000000, 0x000000074f200000, 0x000000074f200000|100%| E|CS|TAMS 0x000000074f000000| PB 0x000000074f000000| Complete 
| 633|0x000000074f200000, 0x000000074f400000, 0x000000074f400000|100%| E|CS|TAMS 0x000000074f200000| PB 0x000000074f200000| Complete 
| 634|0x000000074f400000, 0x000000074f600000, 0x000000074f600000|100%| E|CS|TAMS 0x000000074f400000| PB 0x000000074f400000| Complete 
| 635|0x000000074f600000, 0x000000074f800000, 0x000000074f800000|100%| E|CS|TAMS 0x000000074f600000| PB 0x000000074f600000| Complete 
| 636|0x000000074f800000, 0x000000074fa00000, 0x000000074fa00000|100%| E|CS|TAMS 0x000000074f800000| PB 0x000000074f800000| Complete 
| 637|0x000000074fa00000, 0x000000074fc00000, 0x000000074fc00000|100%| E|CS|TAMS 0x000000074fa00000| PB 0x000000074fa00000| Complete 
| 638|0x000000074fc00000, 0x000000074fe00000, 0x000000074fe00000|100%| E|CS|TAMS 0x000000074fc00000| PB 0x000000074fc00000| Complete 
| 639|0x000000074fe00000, 0x0000000750000000, 0x0000000750000000|100%| E|CS|TAMS 0x000000074fe00000| PB 0x000000074fe00000| Complete 
| 640|0x0000000750000000, 0x0000000750200000, 0x0000000750200000|100%| E|CS|TAMS 0x0000000750000000| PB 0x0000000750000000| Complete 
| 641|0x0000000750200000, 0x0000000750400000, 0x0000000750400000|100%| E|CS|TAMS 0x0000000750200000| PB 0x0000000750200000| Complete 
| 642|0x0000000750400000, 0x0000000750600000, 0x0000000750600000|100%| E|CS|TAMS 0x0000000750400000| PB 0x0000000750400000| Complete 
| 643|0x0000000750600000, 0x0000000750800000, 0x0000000750800000|100%| E|CS|TAMS 0x0000000750600000| PB 0x0000000750600000| Complete 
| 644|0x0000000750800000, 0x0000000750a00000, 0x0000000750a00000|100%| E|CS|TAMS 0x0000000750800000| PB 0x0000000750800000| Complete 
| 645|0x0000000750a00000, 0x0000000750c00000, 0x0000000750c00000|100%| E|CS|TAMS 0x0000000750a00000| PB 0x0000000750a00000| Complete 
| 646|0x0000000750c00000, 0x0000000750e00000, 0x0000000750e00000|100%| E|CS|TAMS 0x0000000750c00000| PB 0x0000000750c00000| Complete 
| 647|0x0000000750e00000, 0x0000000751000000, 0x0000000751000000|100%| E|CS|TAMS 0x0000000750e00000| PB 0x0000000750e00000| Complete 
| 648|0x0000000751000000, 0x0000000751200000, 0x0000000751200000|100%| E|CS|TAMS 0x0000000751000000| PB 0x0000000751000000| Complete 
| 649|0x0000000751200000, 0x0000000751400000, 0x0000000751400000|100%| E|CS|TAMS 0x0000000751200000| PB 0x0000000751200000| Complete 
| 650|0x0000000751400000, 0x0000000751600000, 0x0000000751600000|100%| E|CS|TAMS 0x0000000751400000| PB 0x0000000751400000| Complete 
| 651|0x0000000751600000, 0x0000000751800000, 0x0000000751800000|100%| E|CS|TAMS 0x0000000751600000| PB 0x0000000751600000| Complete 
| 652|0x0000000751800000, 0x0000000751a00000, 0x0000000751a00000|100%| E|CS|TAMS 0x0000000751800000| PB 0x0000000751800000| Complete 
| 653|0x0000000751a00000, 0x0000000751c00000, 0x0000000751c00000|100%| E|CS|TAMS 0x0000000751a00000| PB 0x0000000751a00000| Complete 
| 654|0x0000000751c00000, 0x0000000751e00000, 0x0000000751e00000|100%| E|CS|TAMS 0x0000000751c00000| PB 0x0000000751c00000| Complete 
| 655|0x0000000751e00000, 0x0000000752000000, 0x0000000752000000|100%| E|CS|TAMS 0x0000000751e00000| PB 0x0000000751e00000| Complete 
| 656|0x0000000752000000, 0x0000000752200000, 0x0000000752200000|100%| E|CS|TAMS 0x0000000752000000| PB 0x0000000752000000| Complete 
| 657|0x0000000752200000, 0x0000000752400000, 0x0000000752400000|100%| E|CS|TAMS 0x0000000752200000| PB 0x0000000752200000| Complete 
| 658|0x0000000752400000, 0x0000000752600000, 0x0000000752600000|100%| E|CS|TAMS 0x0000000752400000| PB 0x0000000752400000| Complete 
| 659|0x0000000752600000, 0x0000000752800000, 0x0000000752800000|100%| E|CS|TAMS 0x0000000752600000| PB 0x0000000752600000| Complete 
| 660|0x0000000752800000, 0x0000000752a00000, 0x0000000752a00000|100%| E|CS|TAMS 0x0000000752800000| PB 0x0000000752800000| Complete 
| 661|0x0000000752a00000, 0x0000000752c00000, 0x0000000752c00000|100%| E|CS|TAMS 0x0000000752a00000| PB 0x0000000752a00000| Complete 
| 662|0x0000000752c00000, 0x0000000752e00000, 0x0000000752e00000|100%| E|CS|TAMS 0x0000000752c00000| PB 0x0000000752c00000| Complete 
| 663|0x0000000752e00000, 0x0000000753000000, 0x0000000753000000|100%| E|CS|TAMS 0x0000000752e00000| PB 0x0000000752e00000| Complete 
| 664|0x0000000753000000, 0x0000000753200000, 0x0000000753200000|100%| E|CS|TAMS 0x0000000753000000| PB 0x0000000753000000| Complete 
| 665|0x0000000753200000, 0x0000000753400000, 0x0000000753400000|100%| E|CS|TAMS 0x0000000753200000| PB 0x0000000753200000| Complete 
| 666|0x0000000753400000, 0x0000000753600000, 0x0000000753600000|100%| E|CS|TAMS 0x0000000753400000| PB 0x0000000753400000| Complete 
| 667|0x0000000753600000, 0x0000000753800000, 0x0000000753800000|100%| E|CS|TAMS 0x0000000753600000| PB 0x0000000753600000| Complete 
| 668|0x0000000753800000, 0x0000000753a00000, 0x0000000753a00000|100%| E|CS|TAMS 0x0000000753800000| PB 0x0000000753800000| Complete 
| 669|0x0000000753a00000, 0x0000000753c00000, 0x0000000753c00000|100%| E|CS|TAMS 0x0000000753a00000| PB 0x0000000753a00000| Complete 
| 670|0x0000000753c00000, 0x0000000753e00000, 0x0000000753e00000|100%| E|CS|TAMS 0x0000000753c00000| PB 0x0000000753c00000| Complete 
| 671|0x0000000753e00000, 0x0000000754000000, 0x0000000754000000|100%| E|CS|TAMS 0x0000000753e00000| PB 0x0000000753e00000| Complete 
| 672|0x0000000754000000, 0x0000000754200000, 0x0000000754200000|100%| E|CS|TAMS 0x0000000754000000| PB 0x0000000754000000| Complete 
| 673|0x0000000754200000, 0x0000000754400000, 0x0000000754400000|100%| E|CS|TAMS 0x0000000754200000| PB 0x0000000754200000| Complete 
| 674|0x0000000754400000, 0x0000000754600000, 0x0000000754600000|100%| E|CS|TAMS 0x0000000754400000| PB 0x0000000754400000| Complete 
| 675|0x0000000754600000, 0x0000000754800000, 0x0000000754800000|100%| E|  |TAMS 0x0000000754600000| PB 0x0000000754600000| Complete 
| 676|0x0000000754800000, 0x0000000754a00000, 0x0000000754a00000|100%| E|CS|TAMS 0x0000000754800000| PB 0x0000000754800000| Complete 
| 677|0x0000000754a00000, 0x0000000754c00000, 0x0000000754c00000|100%| S|CS|TAMS 0x0000000754a00000| PB 0x0000000754a00000| Complete 
| 678|0x0000000754c00000, 0x0000000754e00000, 0x0000000754e00000|100%| S|CS|TAMS 0x0000000754c00000| PB 0x0000000754c00000| Complete 
| 679|0x0000000754e00000, 0x0000000755000000, 0x0000000755000000|100%| S|CS|TAMS 0x0000000754e00000| PB 0x0000000754e00000| Complete 
| 680|0x0000000755000000, 0x0000000755200000, 0x0000000755200000|100%| S|CS|TAMS 0x0000000755000000| PB 0x0000000755000000| Complete 
| 681|0x0000000755200000, 0x0000000755400000, 0x0000000755400000|100%| S|CS|TAMS 0x0000000755200000| PB 0x0000000755200000| Complete 
| 682|0x0000000755400000, 0x0000000755600000, 0x0000000755600000|100%| S|CS|TAMS 0x0000000755400000| PB 0x0000000755400000| Complete 
| 683|0x0000000755600000, 0x0000000755800000, 0x0000000755800000|100%| S|CS|TAMS 0x0000000755600000| PB 0x0000000755600000| Complete 
| 684|0x0000000755800000, 0x0000000755a00000, 0x0000000755a00000|100%| S|CS|TAMS 0x0000000755800000| PB 0x0000000755800000| Complete 
| 685|0x0000000755a00000, 0x0000000755c00000, 0x0000000755c00000|100%| S|CS|TAMS 0x0000000755a00000| PB 0x0000000755a00000| Complete 
| 686|0x0000000755c00000, 0x0000000755e00000, 0x0000000755e00000|100%| S|CS|TAMS 0x0000000755c00000| PB 0x0000000755c00000| Complete 
| 687|0x0000000755e00000, 0x0000000756000000, 0x0000000756000000|100%| S|CS|TAMS 0x0000000755e00000| PB 0x0000000755e00000| Complete 
| 688|0x0000000756000000, 0x0000000756200000, 0x0000000756200000|100%| S|CS|TAMS 0x0000000756000000| PB 0x0000000756000000| Complete 
| 689|0x0000000756200000, 0x0000000756400000, 0x0000000756400000|100%| S|CS|TAMS 0x0000000756200000| PB 0x0000000756200000| Complete 
| 690|0x0000000756400000, 0x0000000756600000, 0x0000000756600000|100%| S|CS|TAMS 0x0000000756400000| PB 0x0000000756400000| Complete 
| 691|0x0000000756600000, 0x0000000756800000, 0x0000000756800000|100%| S|CS|TAMS 0x0000000756600000| PB 0x0000000756600000| Complete 
| 692|0x0000000756800000, 0x0000000756a00000, 0x0000000756a00000|100%| S|CS|TAMS 0x0000000756800000| PB 0x0000000756800000| Complete 
|2047|0x00000007ffe00000, 0x0000000800000000, 0x0000000800000000|100%| O|  |TAMS 0x00000007ffe00000| PB 0x00000007ffe00000| Untracked 

Card table byte_map: [0x000001dcbfd90000,0x000001dcc0590000] _byte_map_base: 0x000001dcbc590000

Marking Bits: (CMBitMap*) 0x000001dca8155840
 Bits: [0x000001dcc0590000, 0x000001dcc4590000)

Polling page: 0x000001dca60d0000

Metaspace:

Usage:
  Non-class:    203.62 MB used.
      Class:     28.90 MB used.
       Both:    232.53 MB used.

Virtual space:
  Non-class space:      256.00 MB reserved,     205.31 MB ( 80%) committed,  4 nodes.
      Class space:        1.00 GB reserved,      30.56 MB (  3%) committed,  1 nodes.
             Both:        1.25 GB reserved,     235.88 MB ( 18%) committed. 

Chunk freelists:
   Non-Class:  2.22 MB
       Class:  1.47 MB
        Both:  3.69 MB

MaxMetaspaceSize: unlimited
CompressedClassSpaceSize: 1.00 GB
Initial GC threshold: 21.00 MB
Current GC threshold: 389.38 MB
CDS: on
 - commit_granule_bytes: 65536.
 - commit_granule_words: 8192.
 - virtual_space_node_default_size: 8388608.
 - enlarge_chunks_in_place: 1.
 - use_allocation_guard: 0.


Internal statistics:

num_allocs_failed_limit: 21.
num_arena_births: 5966.
num_arena_deaths: 40.
num_vsnodes_births: 5.
num_vsnodes_deaths: 0.
num_space_committed: 3768.
num_space_uncommitted: 0.
num_chunks_returned_to_freelist: 130.
num_chunks_taken_from_freelist: 15898.
num_chunk_merges: 30.
num_chunk_splits: 11087.
num_chunks_enlarged: 7763.
num_inconsistent_stats: 0.

CodeHeap 'non-profiled nmethods': size=120000Kb used=23855Kb max_used=26217Kb free=96145Kb
 bounds [0x000001dcb8060000, 0x000001dcb9a20000, 0x000001dcbf590000]
CodeHeap 'profiled nmethods': size=120000Kb used=59618Kb max_used=68405Kb free=60381Kb
 bounds [0x000001dcb0590000, 0x000001dcb4870000, 0x000001dcb7ac0000]
CodeHeap 'non-nmethods': size=5760Kb used=3359Kb max_used=3429Kb free=2400Kb
 bounds [0x000001dcb7ac0000, 0x000001dcb7e30000, 0x000001dcb8060000]
 total_blobs=29153 nmethods=27821 adapters=1232
 compilation: enabled
              stopped_count=0, restarted_count=0
 full_count=0

Compilation events (20 events):
Event: 595.659 Thread 0x000001dcc6a4be00 46886   !   3       com.android.tools.r8.graph.T3::a (353 bytes)
Event: 595.661 Thread 0x000001dcc6a4be00 nmethod 46886 0x000001dcb0b72210 code [0x000001dcb0b725a0, 0x000001dcb0b73fa0]
Event: 595.747 Thread 0x000001dcc6a4be00 46887       1       com.android.tools.r8.internal.c3::G2 (3 bytes)
Event: 595.747 Thread 0x000001dcc6a4be00 nmethod 46887 0x000001dcb8792a10 code [0x000001dcb8792ba0, 0x000001dcb8792c68]
Event: 595.748 Thread 0x000001dcc6a4be00 46888       2       com.android.tools.r8.internal.Fc::a (34 bytes)
Event: 595.749 Thread 0x000001dcc6a4be00 nmethod 46888 0x000001dcb0b71a10 code [0x000001dcb0b71be0, 0x000001dcb0b71e48]
Event: 595.768 Thread 0x000001dcc6a4be00 46890       3       com.android.tools.r8.graph.O3::<init> (237 bytes)
Event: 595.771 Thread 0x000001dcc6a4be00 nmethod 46890 0x000001dcb3bb0490 code [0x000001dcb3bb08e0, 0x000001dcb3bb3080]
Event: 595.772 Thread 0x000001dcc6a4be00 46891       1       com.android.tools.r8.internal.f3::r (2 bytes)
Event: 595.772 Thread 0x000001dcc6a4be00 nmethod 46891 0x000001dcb8792710 code [0x000001dcb87928a0, 0x000001dcb8792968]
Event: 595.773 Thread 0x000001dcc6a4be00 46892       2       com.android.tools.r8.internal.nY::a (160 bytes)
Event: 595.775 Thread 0x000001dcc6a4be00 nmethod 46892 0x000001dcb11e8b90 code [0x000001dcb11e8e20, 0x000001dcb11e9878]
Event: 595.776 Thread 0x000001dcc6a4be00 46893       2       com.android.tools.r8.dex.code.z3::<init> (7 bytes)
Event: 595.777 Thread 0x000001dcc6a4be00 nmethod 46893 0x000001dcb3e40990 code [0x000001dcb3e40b40, 0x000001dcb3e40c60]
Event: 595.783 Thread 0x000001dcc6a4be00 46894       3       com.android.tools.r8.internal.N5::a (262 bytes)
Event: 595.786 Thread 0x000001dcc6a4be00 nmethod 46894 0x000001dcb11f7510 code [0x000001dcb11f7960, 0x000001dcb11f9a40]
Event: 595.806 Thread 0x000001dcc6a4be00 46895       1       com.android.tools.r8.internal.RW::g (2 bytes)
Event: 595.806 Thread 0x000001dcc6a4be00 nmethod 46895 0x000001dcb8792410 code [0x000001dcb87925a0, 0x000001dcb8792668]
Event: 595.806 Thread 0x000001dcc6a4be00 46896       2       com.android.tools.r8.graph.s0::C (5 bytes)
Event: 595.806 Thread 0x000001dcc6a4be00 nmethod 46896 0x000001dcb3e40610 code [0x000001dcb3e407a0, 0x000001dcb3e408b8]

GC Heap History (20 events):
Event: 548.037 GC heap before
{Heap before GC invocations=194 (full 0):
 garbage-first heap   total 915456K, used 573733K [0x0000000700000000, 0x0000000800000000)
  region size 2048K, 160 young (327680K), 11 survivors (22528K)
 Metaspace       used 215463K, committed 218688K, reserved 1245184K
  class space    used 26767K, committed 28416K, reserved 1048576K
}
Event: 548.072 GC heap after
{Heap after GC invocations=195 (full 0):
 garbage-first heap   total 915456K, used 272677K [0x0000000700000000, 0x0000000800000000)
  region size 2048K, 13 young (26624K), 13 survivors (26624K)
 Metaspace       used 215463K, committed 218688K, reserved 1245184K
  class space    used 26767K, committed 28416K, reserved 1048576K
}
Event: 550.488 GC heap before
{Heap before GC invocations=196 (full 0):
 garbage-first heap   total 915456K, used 788773K [0x0000000700000000, 0x0000000800000000)
  region size 2048K, 268 young (548864K), 13 survivors (26624K)
 Metaspace       used 215970K, committed 219264K, reserved 1245184K
  class space    used 26817K, committed 28480K, reserved 1048576K
}
Event: 550.520 GC heap after
{Heap after GC invocations=197 (full 0):
 garbage-first heap   total 915456K, used 266533K [0x0000000700000000, 0x0000000800000000)
  region size 2048K, 12 young (24576K), 12 survivors (24576K)
 Metaspace       used 215970K, committed 219264K, reserved 1245184K
  class space    used 26817K, committed 28480K, reserved 1048576K
}
Event: 560.932 GC heap before
{Heap before GC invocations=197 (full 0):
 garbage-first heap   total 915456K, used 801061K [0x0000000700000000, 0x0000000800000000)
  region size 2048K, 268 young (548864K), 12 survivors (24576K)
 Metaspace       used 218179K, committed 221504K, reserved 1245184K
  class space    used 26929K, committed 28608K, reserved 1048576K
}
Event: 560.985 GC heap after
{Heap after GC invocations=198 (full 0):
 garbage-first heap   total 915456K, used 274735K [0x0000000700000000, 0x0000000800000000)
  region size 2048K, 17 young (34816K), 17 survivors (34816K)
 Metaspace       used 218179K, committed 221504K, reserved 1245184K
  class space    used 26929K, committed 28608K, reserved 1048576K
}
Event: 565.918 GC heap before
{Heap before GC invocations=198 (full 0):
 garbage-first heap   total 915456K, used 756015K [0x0000000700000000, 0x0000000800000000)
  region size 2048K, 241 young (493568K), 17 survivors (34816K)
 Metaspace       used 218477K, committed 221824K, reserved 1245184K
  class space    used 26953K, committed 28672K, reserved 1048576K
}
Event: 565.959 GC heap after
{Heap after GC invocations=199 (full 0):
 garbage-first heap   total 915456K, used 287023K [0x0000000700000000, 0x0000000800000000)
  region size 2048K, 14 young (28672K), 14 survivors (28672K)
 Metaspace       used 218477K, committed 221824K, reserved 1245184K
  class space    used 26953K, committed 28672K, reserved 1048576K
}
Event: 576.827 GC heap before
{Heap before GC invocations=200 (full 0):
 garbage-first heap   total 915456K, used 911663K [0x0000000700000000, 0x0000000800000000)
  region size 2048K, 246 young (503808K), 14 survivors (28672K)
 Metaspace       used 235585K, committed 238976K, reserved 1310720K
  class space    used 29267K, committed 30976K, reserved 1048576K
}
Event: 576.897 GC heap after
{Heap after GC invocations=201 (full 0):
 garbage-first heap   total 952320K, used 277807K [0x0000000700000000, 0x0000000800000000)
  region size 2048K, 18 young (36864K), 18 survivors (36864K)
 Metaspace       used 235585K, committed 238976K, reserved 1310720K
  class space    used 29267K, committed 30976K, reserved 1048576K
}
Event: 580.078 GC heap before
{Heap before GC invocations=201 (full 0):
 garbage-first heap   total 1087488K, used 1082671K [0x0000000700000000, 0x0000000800000000)
  region size 2048K, 54 young (110592K), 18 survivors (36864K)
 Metaspace       used 235805K, committed 239168K, reserved 1310720K
  class space    used 29272K, committed 30976K, reserved 1048576K
}
Event: 580.135 GC heap after
{Heap after GC invocations=202 (full 0):
 garbage-first heap   total 1120256K, used 369637K [0x0000000700000000, 0x0000000800000000)
  region size 2048K, 15 young (30720K), 15 survivors (30720K)
 Metaspace       used 235805K, committed 239168K, reserved 1310720K
  class space    used 29272K, committed 30976K, reserved 1048576K
}
Event: 580.559 GC heap before
{Heap before GC invocations=202 (full 0):
 garbage-first heap   total 1120256K, used 500709K [0x0000000700000000, 0x0000000800000000)
  region size 2048K, 24 young (49152K), 15 survivors (30720K)
 Metaspace       used 235861K, committed 239232K, reserved 1310720K
  class space    used 29274K, committed 30976K, reserved 1048576K
}
Event: 580.605 GC heap after
{Heap after GC invocations=203 (full 0):
 garbage-first heap   total 1120256K, used 337893K [0x0000000700000000, 0x0000000800000000)
  region size 2048K, 15 young (30720K), 15 survivors (30720K)
 Metaspace       used 235861K, committed 239232K, reserved 1310720K
  class space    used 29274K, committed 30976K, reserved 1048576K
}
Event: 581.053 GC heap before
{Heap before GC invocations=203 (full 0):
 garbage-first heap   total 1120256K, used 405477K [0x0000000700000000, 0x0000000800000000)
  region size 2048K, 16 young (32768K), 15 survivors (30720K)
 Metaspace       used 235861K, committed 239232K, reserved 1310720K
  class space    used 29274K, committed 30976K, reserved 1048576K
}
Event: 581.099 GC heap after
{Heap after GC invocations=204 (full 0):
 garbage-first heap   total 1120256K, used 369637K [0x0000000700000000, 0x0000000800000000)
  region size 2048K, 15 young (30720K), 15 survivors (30720K)
 Metaspace       used 235861K, committed 239232K, reserved 1310720K
  class space    used 29274K, committed 30976K, reserved 1048576K
}
Event: 581.874 GC heap before
{Heap before GC invocations=204 (full 0):
 garbage-first heap   total 1120256K, used 504805K [0x0000000700000000, 0x0000000800000000)
  region size 2048K, 17 young (34816K), 15 survivors (30720K)
 Metaspace       used 235861K, committed 239232K, reserved 1310720K
  class space    used 29274K, committed 30976K, reserved 1048576K
}
Event: 581.919 GC heap after
{Heap after GC invocations=205 (full 0):
 garbage-first heap   total 1120256K, used 435146K [0x0000000700000000, 0x0000000800000000)
  region size 2048K, 14 young (28672K), 14 survivors (28672K)
 Metaspace       used 235861K, committed 239232K, reserved 1310720K
  class space    used 29274K, committed 30976K, reserved 1048576K
}
Event: 591.288 GC heap before
{Heap before GC invocations=206 (full 0):
 garbage-first heap   total 1384448K, used 1379274K [0x0000000700000000, 0x0000000800000000)
  region size 2048K, 228 young (466944K), 14 survivors (28672K)
 Metaspace       used 237085K, committed 240448K, reserved 1310720K
  class space    used 29458K, committed 31168K, reserved 1048576K
}
Event: 591.360 GC heap after
{Heap after GC invocations=207 (full 0):
 garbage-first heap   total 1421312K, used 275919K [0x0000000700000000, 0x0000000800000000)
  region size 2048K, 18 young (36864K), 18 survivors (36864K)
 Metaspace       used 237085K, committed 240448K, reserved 1310720K
  class space    used 29458K, committed 31168K, reserved 1048576K
}

Dll operation events (17 events):
Event: 0.036 Loaded shared library C:\Program Files\Java\jdk-21.0.10\bin\java.dll
Event: 0.070 Loaded shared library C:\Program Files\Java\jdk-21.0.10\bin\jsvml.dll
Event: 0.142 Loaded shared library C:\Program Files\Java\jdk-21.0.10\bin\zip.dll
Event: 0.178 Loaded shared library C:\Program Files\Java\jdk-21.0.10\bin\instrument.dll
Event: 0.183 Loaded shared library C:\Program Files\Java\jdk-21.0.10\bin\net.dll
Event: 0.185 Loaded shared library C:\Program Files\Java\jdk-21.0.10\bin\nio.dll
Event: 0.191 Loaded shared library C:\Program Files\Java\jdk-21.0.10\bin\zip.dll
Event: 0.543 Loaded shared library C:\Program Files\Java\jdk-21.0.10\bin\jimage.dll
Event: 0.681 Loaded shared library C:\Program Files\Java\jdk-21.0.10\bin\verify.dll
Event: 0.970 Loaded shared library C:\Users\Fardeen Khan\.gradle\native\c067742578af261105cb4f569cf0c3c89f3d7b1fecec35dd04571415982c5e48\windows-amd64\native-platform.dll
Event: 1.088 Loaded shared library C:\Users\Fardeen Khan\.gradle\native\38dada09dfb8b06ba9b0570ebf7e218e3eb74d4ef43ca46872605cf95ebc2f47\windows-amd64\native-platform-file-events.dll
Event: 3.063 Loaded shared library C:\Program Files\Java\jdk-21.0.10\bin\management.dll
Event: 3.066 Loaded shared library C:\Program Files\Java\jdk-21.0.10\bin\management_ext.dll
Event: 3.416 Loaded shared library C:\Program Files\Java\jdk-21.0.10\bin\extnet.dll
Event: 3.671 Loaded shared library C:\Program Files\Java\jdk-21.0.10\bin\sunmscapi.dll
Event: 547.949 Loaded shared library C:\Users\Fardeen Khan\AppData\Local\Temp\native-platform18405855441767798073dir\native-platform.dll
Event: 550.296 Loaded shared library C:\Program Files\Java\jdk-21.0.10\bin\rmi.dll

Deoptimization events (20 events):
Event: 594.903 Thread 0x000001dd1443b4a0 DEOPT PACKING pc=0x000001dcb122a1bf sp=0x0000003de5cf9620
Event: 594.903 Thread 0x000001dd1443b4a0 DEOPT UNPACKING pc=0x000001dcb7b14e42 sp=0x0000003de5cf8e10 mode 0
Event: 594.931 Thread 0x000001dd0c7d3340 DEOPT PACKING pc=0x000001dcb1c8c69f sp=0x0000003de44f68e0
Event: 594.931 Thread 0x000001dd0c7d3340 DEOPT UNPACKING pc=0x000001dcb7b14e42 sp=0x0000003de44f61f8 mode 0
Event: 595.056 Thread 0x000001dd1443b4a0 DEOPT PACKING pc=0x000001dcb1c8c69f sp=0x0000003de5cf8fb0
Event: 595.056 Thread 0x000001dd1443b4a0 DEOPT UNPACKING pc=0x000001dcb7b14e42 sp=0x0000003de5cf88c8 mode 0
Event: 595.161 Thread 0x000001dd1443b4a0 Uncommon trap: trap_request=0xffffff45 fr.pc=0x000001dcb8e543ac relative=0x0000000000001f2c
Event: 595.161 Thread 0x000001dd1443b4a0 Uncommon trap: reason=unstable_if action=reinterpret pc=0x000001dcb8e543ac method=com.android.tools.r8.internal.z00.G()Z @ 32 c2
Event: 595.161 Thread 0x000001dd1443b4a0 DEOPT PACKING pc=0x000001dcb8e543ac sp=0x0000003de5cf9690
Event: 595.180 Thread 0x000001dd0c7d3340 Uncommon trap: trap_request=0xffffff45 fr.pc=0x000001dcb8436d28 relative=0x00000000000002a8
Event: 595.180 Thread 0x000001dd0c7d3340 Uncommon trap: reason=unstable_if action=reinterpret pc=0x000001dcb8436d28 method=com.android.tools.r8.internal.Nq.contains(Ljava/lang/Object;)Z @ 124 c2
Event: 595.180 Thread 0x000001dd0c7d3340 DEOPT PACKING pc=0x000001dcb8436d28 sp=0x0000003de44f68f0
Event: 595.180 Thread 0x000001dd0c7d3340 DEOPT UNPACKING pc=0x000001dcb7b146a2 sp=0x0000003de44f6868 mode 2
Event: 595.186 Thread 0x000001dd1443b4a0 DEOPT UNPACKING pc=0x000001dcb7b146a2 sp=0x0000003de5cf9600 mode 2
Event: 595.771 Thread 0x000001dd1443b4a0 Uncommon trap: trap_request=0xffffff45 fr.pc=0x000001dcb982b540 relative=0x00000000000002c0
Event: 595.771 Thread 0x000001dd1443b4a0 Uncommon trap: reason=unstable_if action=reinterpret pc=0x000001dcb982b540 method=com.android.tools.r8.internal.N5.a(Lcom/android/tools/r8/graph/o5;Lcom/android/tools/r8/internal/B7;)Lcom/android/tools/r8/internal/ve; @ 86 c2
Event: 595.771 Thread 0x000001dd1443b4a0 DEOPT PACKING pc=0x000001dcb982b540 sp=0x0000003de5cf9f40
Event: 595.771 Thread 0x000001dd1443b4a0 DEOPT UNPACKING pc=0x000001dcb7b146a2 sp=0x0000003de5cf9ec0 mode 2
Event: 595.800 Thread 0x000001dd1443b4a0 DEOPT PACKING pc=0x000001dcb1c8c69f sp=0x0000003de5cf8fb0
Event: 595.800 Thread 0x000001dd1443b4a0 DEOPT UNPACKING pc=0x000001dcb7b14e42 sp=0x0000003de5cf88c8 mode 0

Classes loaded (20 events):
Event: 569.097 Loading class java/lang/reflect/GenericSignatureFormatError
Event: 569.097 Loading class java/lang/reflect/GenericSignatureFormatError done
Event: 570.867 Loading class java/util/IdentityHashMap$ValueIterator
Event: 570.867 Loading class java/util/IdentityHashMap$ValueIterator done
Event: 571.088 Loading class java/util/SortedSet$1
Event: 571.088 Loading class java/util/SortedSet$1 done
Event: 571.109 Loading class java/util/stream/SliceOps
Event: 571.140 Loading class java/util/stream/SliceOps done
Event: 571.140 Loading class java/util/stream/SliceOps$1
Event: 571.140 Loading class java/util/stream/SliceOps$1 done
Event: 571.141 Loading class java/util/stream/SliceOps$1$1
Event: 571.141 Loading class java/util/stream/SliceOps$1$1 done
Event: 573.098 Loading class java/util/IdentityHashMap$EntrySet
Event: 573.126 Loading class java/util/IdentityHashMap$EntrySet done
Event: 574.644 Loading class java/nio/ShortBuffer
Event: 574.673 Loading class java/nio/ShortBuffer done
Event: 574.773 Loading class java/nio/ByteBufferAsShortBufferL
Event: 574.787 Loading class java/nio/ByteBufferAsShortBufferL done
Event: 580.144 Loading class sun/rmi/transport/DGCClient$EndpointEntry$CleanRequest
Event: 580.144 Loading class sun/rmi/transport/DGCClient$EndpointEntry$CleanRequest done

Classes unloaded (20 events):
Event: 548.776 Thread 0x000001dcc6a14a80 Unloading class 0x000001dcc96cf800 '_BuildScript_'
Event: 548.776 Thread 0x000001dcc6a14a80 Unloading class 0x000001dcc96cd3e0 '_BuildScript_$_run_closure1$_closure3'
Event: 548.776 Thread 0x000001dcc6a14a80 Unloading class 0x000001dcc96cd000 '_BuildScript_$_run_closure1$_closure2'
Event: 548.776 Thread 0x000001dcc6a14a80 Unloading class 0x000001dcc96cc400 '_BuildScript_$_run_closure1'
Event: 548.776 Thread 0x000001dcc6a14a80 Unloading class 0x000001dcc96cc800 '_BuildScript_'
Event: 548.776 Thread 0x000001dcc6a14a80 Unloading class 0x000001dcc96c5360 '_BuildScript_$_run_closure3$_closure11$_closure12$_closure13$_closure14'
Event: 548.776 Thread 0x000001dcc6a14a80 Unloading class 0x000001dcc96c4f80 '_BuildScript_$_run_closure3$_closure11$_closure12$_closure13'
Event: 548.776 Thread 0x000001dcc6a14a80 Unloading class 0x000001dcc96c4ba0 '_BuildScript_$_run_closure3$_closure11$_closure12'
Event: 548.776 Thread 0x000001dcc6a14a80 Unloading class 0x000001dcc96c47c0 '_BuildScript_$_run_closure3$_closure11'
Event: 548.776 Thread 0x000001dcc6a14a80 Unloading class 0x000001dcc96c43e0 '_BuildScript_$_run_closure3$_closure10'
Event: 548.776 Thread 0x000001dcc6a14a80 Unloading class 0x000001dcc96c4000 '_BuildScript_$_run_closure3$_closure9'
Event: 548.776 Thread 0x000001dcc6a14a80 Unloading class 0x000001dcc96c3b20 '_BuildScript_$_run_closure3$_closure8'
Event: 548.776 Thread 0x000001dcc6a14a80 Unloading class 0x000001dcc96c3740 '_BuildScript_$_run_closure3$_closure7'
Event: 548.776 Thread 0x000001dcc6a14a80 Unloading class 0x000001dcc96c3360 '_BuildScript_$_run_closure3'
Event: 548.776 Thread 0x000001dcc6a14a80 Unloading class 0x000001dcc96c2f80 '_BuildScript_$_run_closure2$_closure5$_closure6'
Event: 548.776 Thread 0x000001dcc6a14a80 Unloading class 0x000001dcc96c2ba0 '_BuildScript_$_run_closure2$_closure5'
Event: 548.776 Thread 0x000001dcc6a14a80 Unloading class 0x000001dcc96c27c0 '_BuildScript_$_run_closure2'
Event: 548.776 Thread 0x000001dcc6a14a80 Unloading class 0x000001dcc96c23e0 '_BuildScript_$_run_closure1$_closure4'
Event: 548.776 Thread 0x000001dcc6a14a80 Unloading class 0x000001dcc96c2000 '_BuildScript_$_run_closure1'
Event: 548.776 Thread 0x000001dcc6a14a80 Unloading class 0x000001dcc96c1800 '_BuildScript_'

Classes redefined (0 events):
No events

Internal exceptions (20 events):
Event: 588.838 Thread 0x000001dd2138ab60 Exception <a 'sun/nio/fs/WindowsException'{0x00000007443a0d50}> (0x00000007443a0d50) 
thrown [s\open\src\hotspot\share\prims\jni.cpp, line 520]
Event: 588.838 Thread 0x000001dd2138ab60 Exception <a 'sun/nio/fs/WindowsException'{0x00000007443a0fb8}> (0x00000007443a0fb8) 
thrown [s\open\src\hotspot\share\prims\jni.cpp, line 520]
Event: 588.838 Thread 0x000001dd0c7d3340 Exception <a 'sun/nio/fs/WindowsException'{0x0000000744508230}> (0x0000000744508230) 
thrown [s\open\src\hotspot\share\prims\jni.cpp, line 520]
Event: 588.838 Thread 0x000001dd2138ab60 Exception <a 'sun/nio/fs/WindowsException'{0x00000007443a11a0}> (0x00000007443a11a0) 
thrown [s\open\src\hotspot\share\prims\jni.cpp, line 520]
Event: 588.895 Thread 0x000001dd0c7d3340 Exception <a 'sun/nio/fs/WindowsException'{0x000000074459df10}> (0x000000074459df10) 
thrown [s\open\src\hotspot\share\prims\jni.cpp, line 520]
Event: 588.900 Thread 0x000001dd0c7d3340 Exception <a 'sun/nio/fs/WindowsException'{0x00000007445af7c8}> (0x00000007445af7c8) 
thrown [s\open\src\hotspot\share\prims\jni.cpp, line 520]
Event: 588.900 Thread 0x000001dd0c7d3340 Exception <a 'sun/nio/fs/WindowsException'{0x00000007445b06e0}> (0x00000007445b06e0) 
thrown [s\open\src\hotspot\share\prims\jni.cpp, line 520]
Event: 588.900 Thread 0x000001dd0c7d3340 Exception <a 'sun/nio/fs/WindowsException'{0x00000007445b0898}> (0x00000007445b0898) 
thrown [s\open\src\hotspot\share\prims\jni.cpp, line 520]
Event: 588.902 Thread 0x000001dd21388a90 Exception <a 'sun/nio/fs/WindowsException'{0x0000000744004cf8}> (0x0000000744004cf8) 
thrown [s\open\src\hotspot\share\prims\jni.cpp, line 520]
Event: 588.902 Thread 0x000001dd21388a90 Exception <a 'sun/nio/fs/WindowsException'{0x0000000744004f60}> (0x0000000744004f60) 
thrown [s\open\src\hotspot\share\prims\jni.cpp, line 520]
Event: 588.902 Thread 0x000001dd21388a90 Exception <a 'sun/nio/fs/WindowsException'{0x0000000744005148}> (0x0000000744005148) 
thrown [s\open\src\hotspot\share\prims\jni.cpp, line 520]
Event: 588.903 Thread 0x000001dd0c7d2620 Exception <a 'sun/nio/fs/WindowsException'{0x0000000744207a28}> (0x0000000744207a28) 
thrown [s\open\src\hotspot\share\prims\jni.cpp, line 520]
Event: 589.522 Thread 0x000001dd21387d70 Exception <a 'sun/nio/fs/WindowsException'{0x000000074477bb28}> (0x000000074477bb28) 
thrown [s\open\src\hotspot\share\prims\jni.cpp, line 520]
Event: 589.523 Thread 0x000001dd21387d70 Exception <a 'sun/nio/fs/WindowsException'{0x000000074477ddc8}> (0x000000074477ddc8) 
thrown [s\open\src\hotspot\share\prims\jni.cpp, line 520]
Event: 589.523 Thread 0x000001dd21387d70 Exception <a 'sun/nio/fs/WindowsException'{0x000000074477ff00}> (0x000000074477ff00) 
thrown [s\open\src\hotspot\share\prims\jni.cpp, line 520]
Event: 590.786 Thread 0x000001dd0c7d3340 Exception <a 'java/lang/ClassCastException'{0x00000007178ec180}: class kotlin.reflect.jvm.internal.ReflectionFactoryImpl cannot be cast to class com.android.tools.r8.internal.DS (kotlin.reflect.jvm.internal.ReflectionFactoryImpl is in unnamed module of loader org.gradle.internal.classloader.VisitableURLClassLoader @6bc168e5; com.android.tools.r8.internal.DS is in unnamed module of loader org.gradle.internal.classloader.VisitableURLClassLoader$InstrumentingVisitableURLClassLoader @3c96225c)> (0x00000007178e
Event: 591.689 Thread 0x000001dd0c7d3340 Exception <a 'sun/nio/fs/WindowsException'{0x00000007508c0920}> (0x00000007508c0920) 
thrown [s\open\src\hotspot\share\prims\jni.cpp, line 520]
Event: 592.262 Thread 0x000001dd0c7d3340 Exception <a 'sun/nio/fs/WindowsException'{0x00000007508db930}> (0x00000007508db930) 
thrown [s\open\src\hotspot\share\prims\jni.cpp, line 520]
Event: 593.114 Thread 0x000001dd22833bd0 Exception <a 'sun/nio/fs/WindowsException'{0x0000000745544fb0}> (0x0000000745544fb0) 
thrown [s\open\src\hotspot\share\prims\jni.cpp, line 520]
Event: 594.122 Thread 0x000001dd0c7d3340 Exception <a 'sun/nio/fs/WindowsException'{0x0000000742e22028}> (0x0000000742e22028) 
thrown [s\open\src\hotspot\share\prims\jni.cpp, line 520]

ZGC Phase Switch (0 events):
No events

VM Operations (20 events):
Event: 585.781 Executing VM operation: G1PauseCleanup
Event: 585.781 Executing VM operation: G1PauseCleanup done
Event: 586.782 Executing VM operation: Cleanup
Event: 586.782 Executing VM operation: Cleanup done
Event: 587.782 Executing VM operation: Cleanup
Event: 587.782 Executing VM operation: Cleanup done
Event: 588.783 Executing VM operation: Cleanup
Event: 588.783 Executing VM operation: Cleanup done
Event: 589.784 Executing VM operation: Cleanup
Event: 589.784 Executing VM operation: Cleanup done
Event: 590.400 Executing VM operation: HandshakeAllThreads (Deoptimize)
Event: 590.423 Executing VM operation: HandshakeAllThreads (Deoptimize) done
Event: 591.287 Executing VM operation: G1CollectForAllocation (G1 Evacuation Pause)
Event: 591.362 Executing VM operation: G1CollectForAllocation (G1 Evacuation Pause) done
Event: 592.363 Executing VM operation: Cleanup
Event: 592.373 Executing VM operation: Cleanup done
Event: 593.882 Executing VM operation: ICBufferFull
Event: 593.882 Executing VM operation: ICBufferFull done
Event: 594.883 Executing VM operation: Cleanup
Event: 594.919 Executing VM operation: Cleanup done

Events (20 events):
Event: 585.520 Thread 0x000001dcc6a14a80 flushing nmethod 0x000001dcb3f62c10
Event: 585.520 Thread 0x000001dcc6a14a80 flushing nmethod 0x000001dcb3f63e90
Event: 585.520 Thread 0x000001dcc6a14a80 flushing nmethod 0x000001dcb3f65390
Event: 585.520 Thread 0x000001dcc6a14a80 flushing nmethod 0x000001dcb3fb0690
Event: 585.520 Thread 0x000001dcc6a14a80 flushing nmethod 0x000001dcb3fb0a90
Event: 585.520 Thread 0x000001dcc6a14a80 flushing nmethod 0x000001dcb3fb3c10
Event: 585.520 Thread 0x000001dcc6a14a80 flushing nmethod 0x000001dcb3fcd590
Event: 585.520 Thread 0x000001dcc6a14a80 flushing nmethod 0x000001dcb3fd7210
Event: 585.520 Thread 0x000001dcc6a14a80 flushing nmethod 0x000001dcb3fd9f10
Event: 585.520 Thread 0x000001dcc6a14a80 flushing nmethod 0x000001dcb3fda990
Event: 585.520 Thread 0x000001dcc6a14a80 flushing nmethod 0x000001dcb4003a90
Event: 585.520 Thread 0x000001dcc6a14a80 flushing nmethod 0x000001dcb4004e90
Event: 585.520 Thread 0x000001dcc6a14a80 flushing nmethod 0x000001dcb4008210
Event: 585.520 Thread 0x000001dcc6a14a80 flushing nmethod 0x000001dcb400dc10
Event: 589.192 Thread 0x000001dd11e5c020 Thread added: 0x000001dd11e5c020
Event: 589.508 Thread 0x000001dd11e5c020 Thread exited: 0x000001dd11e5c020
Event: 589.542 Thread 0x000001dd11e5abb0 Thread added: 0x000001dd11e5abb0
Event: 592.288 Thread 0x000001dd22065fc0 Thread added: 0x000001dd22065fc0
Event: 592.437 Thread 0x000001dd22066ce0 Thread added: 0x000001dd22066ce0
Event: 593.821 Thread 0x000001dd11e5abb0 Thread exited: 0x000001dd11e5abb0


Dynamic libraries:
0x00007ff7fa540000 - 0x00007ff7fa550000 	C:\Program Files\Java\jdk-21.0.10\bin\java.exe
0x00007ffa9fdd0000 - 0x00007ffa9ffe8000 	C:\WINDOWS\SYSTEM32\ntdll.dll
0x00007ffa9ebb0000 - 0x00007ffa9ec74000 	C:\WINDOWS\System32\KERNEL32.DLL
0x00007ffa9d080000 - 0x00007ffa9d453000 	C:\WINDOWS\System32\KERNELBASE.dll
0x00007ffa9cee0000 - 0x00007ffa9cff1000 	C:\WINDOWS\System32\ucrtbase.dll
0x00007ffa43a20000 - 0x00007ffa43a3e000 	C:\Program Files\Java\jdk-21.0.10\bin\VCRUNTIME140.dll
0x00007ffa08460000 - 0x00007ffa08479000 	C:\Program Files\Java\jdk-21.0.10\bin\jli.dll
0x00007ffa9e080000 - 0x00007ffa9e131000 	C:\WINDOWS\System32\ADVAPI32.dll
0x00007ffa9f2a0000 - 0x00007ffa9f347000 	C:\WINDOWS\System32\msvcrt.dll
0x00007ffa9dca0000 - 0x00007ffa9dd48000 	C:\WINDOWS\System32\sechost.dll
0x00007ffa9d780000 - 0x00007ffa9d7a8000 	C:\WINDOWS\System32\bcrypt.dll
0x00007ffa9dd50000 - 0x00007ffa9de68000 	C:\WINDOWS\System32\RPCRT4.dll
0x00007ffa9de70000 - 0x00007ffa9e022000 	C:\WINDOWS\System32\USER32.dll
0x00007ffa9d920000 - 0x00007ffa9d946000 	C:\WINDOWS\System32\win32u.dll
0x00007ffa9fcf0000 - 0x00007ffa9fd19000 	C:\WINDOWS\System32\GDI32.dll
0x00007ffa9d5a0000 - 0x00007ffa9d6bb000 	C:\WINDOWS\System32\gdi32full.dll
0x00007ffa92af0000 - 0x00007ffa92d8c000 	C:\WINDOWS\WinSxS\amd64_microsoft.windows.common-controls_6595b64144ccf1df_6.0.22621.6060_none_2712eda17382d24b\COMCTL32.dll
0x00007ffa9d950000 - 0x00007ffa9d9ea000 	C:\WINDOWS\System32\msvcp_win.dll
0x00007ffa942a0000 - 0x00007ffa942aa000 	C:\WINDOWS\SYSTEM32\VERSION.dll
0x00007ffa9fd50000 - 0x00007ffa9fd81000 	C:\WINDOWS\System32\IMM32.DLL
0x00007ffa63790000 - 0x00007ffa6379c000 	C:\Program Files\Java\jdk-21.0.10\bin\vcruntime140_1.dll
0x00007ffa04890000 - 0x00007ffa0491d000 	C:\Program Files\Java\jdk-21.0.10\bin\msvcp140.dll
0x00007ffa02b70000 - 0x00007ffa03897000 	C:\Program Files\Java\jdk-21.0.10\bin\server\jvm.dll
0x00007ffa9ee70000 - 0x00007ffa9eee1000 	C:\WINDOWS\System32\WS2_32.dll
0x00007ffa9cdc0000 - 0x00007ffa9ce0d000 	C:\WINDOWS\SYSTEM32\POWRPROF.dll
0x00007ffa954c0000 - 0x00007ffa954f4000 	C:\WINDOWS\SYSTEM32\WINMM.dll
0x00007ffa9cda0000 - 0x00007ffa9cdb3000 	C:\WINDOWS\SYSTEM32\UMPDC.dll
0x00007ffa9bec0000 - 0x00007ffa9bed8000 	C:\WINDOWS\SYSTEM32\kernel.appcore.dll
0x00007ffa4c4d0000 - 0x00007ffa4c4da000 	C:\Program Files\Java\jdk-21.0.10\bin\jimage.dll
0x00007ffa8d3d0000 - 0x00007ffa8d603000 	C:\WINDOWS\SYSTEM32\DBGHELP.DLL
0x00007ffa9f3b0000 - 0x00007ffa9f741000 	C:\WINDOWS\System32\combase.dll
0x00007ffa9e140000 - 0x00007ffa9e218000 	C:\WINDOWS\System32\OLEAUT32.dll
0x00007ffa8a680000 - 0x00007ffa8a6b2000 	C:\WINDOWS\SYSTEM32\dbgcore.DLL
0x00007ffa9d000000 - 0x00007ffa9d07b000 	C:\WINDOWS\System32\bcryptPrimitives.dll
0x00007ffa14210000 - 0x00007ffa14220000 	C:\Program Files\Java\jdk-21.0.10\bin\instrument.dll
0x00007ffa08430000 - 0x00007ffa08451000 	C:\Program Files\Java\jdk-21.0.10\bin\java.dll
0x00007ffa9e220000 - 0x00007ffa9eabc000 	C:\WINDOWS\System32\SHELL32.dll
0x00007ffa9d460000 - 0x00007ffa9d59f000 	C:\WINDOWS\System32\wintypes.dll
0x00007ffa9ade0000 - 0x00007ffa9b6fa000 	C:\WINDOWS\SYSTEM32\windows.storage.dll
0x00007ffa9f190000 - 0x00007ffa9f294000 	C:\WINDOWS\System32\SHCORE.dll
0x00007ffa9eac0000 - 0x00007ffa9eb29000 	C:\WINDOWS\System32\shlwapi.dll
0x00007ffa9ce10000 - 0x00007ffa9ce35000 	C:\WINDOWS\SYSTEM32\profapi.dll
0x00007ffa047b0000 - 0x00007ffa04887000 	C:\Program Files\Java\jdk-21.0.10\bin\jsvml.dll
0x00007ffa04770000 - 0x00007ffa04788000 	C:\Program Files\Java\jdk-21.0.10\bin\zip.dll
0x00007ffa08410000 - 0x00007ffa08421000 	C:\Program Files\Java\jdk-21.0.10\bin\net.dll
0x00007ffa95ed0000 - 0x00007ffa95ffc000 	C:\WINDOWS\SYSTEM32\WINHTTP.dll
0x00007ffa9c3a0000 - 0x00007ffa9c409000 	C:\WINDOWS\system32\mswsock.dll
0x00007ffa04790000 - 0x00007ffa047a6000 	C:\Program Files\Java\jdk-21.0.10\bin\nio.dll
0x00007ffa2d4a0000 - 0x00007ffa2d4b0000 	C:\Program Files\Java\jdk-21.0.10\bin\verify.dll
0x00007ffa14230000 - 0x00007ffa14257000 	C:\Users\Fardeen Khan\.gradle\native\c067742578af261105cb4f569cf0c3c89f3d7b1fecec35dd04571415982c5e48\windows-amd64\native-platform.dll
0x00007ffa140c0000 - 0x00007ffa14204000 	C:\Users\Fardeen Khan\.gradle\native\38dada09dfb8b06ba9b0570ebf7e218e3eb74d4ef43ca46872605cf95ebc2f47\windows-amd64\native-platform-file-events.dll
0x00007ffa14aa0000 - 0x00007ffa14aaa000 	C:\Program Files\Java\jdk-21.0.10\bin\management.dll
0x00007ffa14980000 - 0x00007ffa1498c000 	C:\Program Files\Java\jdk-21.0.10\bin\management_ext.dll
0x00007ffa9fce0000 - 0x00007ffa9fce8000 	C:\WINDOWS\System32\PSAPI.DLL
0x00007ffa9c5f0000 - 0x00007ffa9c60b000 	C:\WINDOWS\SYSTEM32\CRYPTSP.dll
0x00007ffa9be20000 - 0x00007ffa9be57000 	C:\WINDOWS\system32\rsaenh.dll
0x00007ffa9c490000 - 0x00007ffa9c4b8000 	C:\WINDOWS\SYSTEM32\USERENV.dll
0x00007ffa9c610000 - 0x00007ffa9c61c000 	C:\WINDOWS\SYSTEM32\CRYPTBASE.dll
0x00007ffa9b960000 - 0x00007ffa9b98d000 	C:\WINDOWS\SYSTEM32\IPHLPAPI.DLL
0x00007ffa9da70000 - 0x00007ffa9da79000 	C:\WINDOWS\System32\NSI.dll
0x00007ffa14220000 - 0x00007ffa14229000 	C:\Program Files\Java\jdk-21.0.10\bin\extnet.dll
0x00007ffa13e90000 - 0x00007ffa13e9e000 	C:\Program Files\Java\jdk-21.0.10\bin\sunmscapi.dll
0x00007ffa9d7b0000 - 0x00007ffa9d918000 	C:\WINDOWS\System32\CRYPT32.dll
0x00007ffa9c7b0000 - 0x00007ffa9c7de000 	C:\WINDOWS\SYSTEM32\ncrypt.dll
0x00007ffa9c770000 - 0x00007ffa9c7a7000 	C:\WINDOWS\SYSTEM32\NTASN1.dll
0x00007ffa5cf50000 - 0x00007ffa5cf58000 	C:\WINDOWS\system32\wshunix.dll
0x00007ffa9b9d0000 - 0x00007ffa9bac8000 	C:\WINDOWS\SYSTEM32\DNSAPI.dll
0x00007ffa93ea0000 - 0x00007ffa93eaa000 	C:\Windows\System32\rasadhlp.dll
0x00007ffa94390000 - 0x00007ffa94414000 	C:\WINDOWS\System32\fwpuclnt.dll
0x00007ffa9bfd0000 - 0x00007ffa9c004000 	C:\WINDOWS\SYSTEM32\ntmarta.dll
0x00007ffa80c20000 - 0x00007ffa80c37000 	C:\WINDOWS\system32\napinsp.dll
0x00007ffa80c00000 - 0x00007ffa80c1b000 	C:\WINDOWS\system32\pnrpnsp.dll
0x00007ffa80be0000 - 0x00007ffa80bf1000 	C:\WINDOWS\System32\winrnr.dll
0x00007ffa80bc0000 - 0x00007ffa80bd5000 	C:\WINDOWS\system32\wshbth.dll
0x00007ffa80b90000 - 0x00007ffa80bb1000 	C:\WINDOWS\system32\nlansp_c.dll
0x00007ffa986e0000 - 0x00007ffa98777000 	C:\WINDOWS\system32\apphelp.dll
0x00007ffa7ef50000 - 0x00007ffa7ef6e000 	C:\Users\Fardeen Khan\AppData\Local\Temp\native-platform18405855441767798073dir\native-platform.dll
0x00007ffa98ff0000 - 0x00007ffa98ff7000 	C:\Program Files\Java\jdk-21.0.10\bin\rmi.dll

dbghelp: loaded successfully - version: 4.0.5 - missing functions: none
symbol engine: initialized successfully - sym options: 0x614 - pdb path: .;C:\Program Files\Java\jdk-21.0.10\bin;C:\WINDOWS\SYSTEM32;C:\WINDOWS\WinSxS\amd64_microsoft.windows.common-controls_6595b64144ccf1df_6.0.22621.6060_none_2712eda17382d24b;C:\Program Files\Java\jdk-21.0.10\bin\server;C:\Users\Fardeen Khan\.gradle\native\c067742578af261105cb4f569cf0c3c89f3d7b1fecec35dd04571415982c5e48\windows-amd64;C:\Users\Fardeen Khan\.gradle\native\38dada09dfb8b06ba9b0570ebf7e218e3eb74d4ef43ca46872605cf95ebc2f47\windows-amd64;C:\Users\Fardeen Khan\AppData\Local\Temp\native-platform18405855441767798073dir

VM Arguments:
jvm_args: --add-opens=java.base/java.util=ALL-UNNAMED --add-opens=java.base/java.lang=ALL-UNNAMED --add-opens=java.base/java.lang.invoke=ALL-UNNAMED --add-opens=java.prefs/java.util.prefs=ALL-UNNAMED --add-opens=java.base/java.nio.charset=ALL-UNNAMED --add-opens=java.base/java.net=ALL-UNNAMED --add-opens=java.base/java.util.concurrent.atomic=ALL-UNNAMED -Xmx4G -Dfile.encoding=UTF-8 -Duser.country=IN -Duser.language=en -Duser.variant -javaagent:C:\Users\Fardeen Khan\.gradle\wrapper\dists\gradle-8.5-all\3zlzzgtsutfj0pbojr50n2l7z\gradle-8.5\lib\agents\gradle-instrumentation-agent-8.5.jar 
java_command: org.gradle.launcher.daemon.bootstrap.GradleDaemon 8.5
java_class_path (initial): C:\Users\Fardeen Khan\.gradle\wrapper\dists\gradle-8.5-all\3zlzzgtsutfj0pbojr50n2l7z\gradle-8.5\lib\gradle-launcher-8.5.jar
Launcher Type: SUN_STANDARD

[Global flags]
     intx CICompilerCount                          = 3                                         {product} {ergonomic}
     uint ConcGCThreads                            = 1                                         {product} {ergonomic}
     uint G1ConcRefinementThreads                  = 4                                         {product} {ergonomic}
   size_t G1HeapRegionSize                         = 2097152                                   {product} {ergonomic}
    uintx GCDrainStackTargetSize                   = 64                                        {product} {ergonomic}
   size_t InitialHeapSize                          = 134217728                                 {product} {ergonomic}
   size_t MarkStackSize                            = 4194304                                   {product} {ergonomic}
   size_t MaxHeapSize                              = 4294967296                                {product} {command line}
   size_t MaxNewSize                               = 2575302656                                {product} {ergonomic}
   size_t MinHeapDeltaBytes                        = 2097152                                   {product} {ergonomic}
   size_t MinHeapSize                              = 8388608                                   {product} {ergonomic}
    uintx NonNMethodCodeHeapSize                   = 5832780                                {pd product} {ergonomic}
    uintx NonProfiledCodeHeapSize                  = 122912730                              {pd product} {ergonomic}
    uintx ProfiledCodeHeapSize                     = 122912730                              {pd product} {ergonomic}
    uintx ReservedCodeCacheSize                    = 251658240                              {pd product} {ergonomic}
     bool SegmentedCodeCache                       = true                                      {product} {ergonomic}
   size_t SoftMaxHeapSize                          = 4294967296                             {manageable} {ergonomic}
     bool UseCompressedOops                        = true                           {product lp64_product} {ergonomic}
     bool UseG1GC                                  = true                                      {product} {ergonomic}
     bool UseLargePagesIndividualAllocation        = false                                  {pd product} {ergonomic}

Logging:
Log output configuration:
 #0: stdout all=warning uptime,level,tags foldmultilines=false
 #1: stderr all=off uptime,level,tags foldmultilines=false

Environment Variables:
JAVA_HOME=C:\Program Files\Java\jdk-21.0.10
CLASSPATH=E:\Projects\Freelense assignment\Novel android\novel\frontend\new_frontend\android\\gradle\wrapper\gradle-wrapper.jar
PATH=C:\Program Files\Java\jdk-21.0.10\bin;C:\Users\Fardeen Khan\AppData\Local\Programs\Python\Python311\Scripts\;C:\VulkanSDK\1.3.250.1\Bin;C:\Windows\system32;C:\Windows;C:\Windows\System32\Wbem;C:\Program Files\Java\jdk-21.0.10\bin;C:\Windows\System32\WindowsPowerShell\v1.0\;C:\Windows\System32\OpenSSH\;C:\ProgramData\chocolatey\bin;E:\Program Files\Git\cmd;C:\Program Files\PuTTY\;D:\Program Files\Go\bin;C:\WINDOWS\system32;C:\WINDOWS;C:\WINDOWS\System32\Wbem;C:\WINDOWS\System32\WindowsPowerShell\v1.0\;C:\WINDOWS\System32\OpenSSH\;D:\Program Files\CMake\bin;C:\Program Files (x86)\Windows Kits\10\Windows Performance Toolkit\;d:\cursor\resources\app\bin;d:\cursor\resources\app\bin;C:\Program Files\nodejs\;D:\src\Android\SDK\cmdline-tools\tools\bin;C:\Users\Fardeen Khan\AppData\Local\Programs\Python\Python311\Scripts\;C:\Users\Fardeen Khan\AppData\Local\Programs\Python\Python311\;C:\Users\Fardeen Khan\AppData\Local\Microsoft\WindowsApps;E:\Program Files\Microsoft VS Code\bin;C:\Users\Fardeen Khan\go\bin;C:\Program Files\Java\jdk-21.0.10\bin;E:\Users\Fardeen Khan\AppData\Local\Programs\Kiro\bin;C:\Users\Fardeen Khan\AppData\Roaming\npm;C:\Users\Fardeen Khan\AppData\Local\Programs\Antigravity\bin;C:\flutter_sdk\flutter\bin;;C:\flutter_sdk\flutter\bin\mingit\cmd
USERNAME=Fardeen Khan
LANG=en_US.UTF-8
OS=Windows_NT
PROCESSOR_IDENTIFIER=Intel64 Family 6 Model 61 Stepping 4, GenuineIntel
TMP=C:\Users\FARDEE~1\AppData\Local\Temp
TEMP=C:\Users\FARDEE~1\AppData\Local\Temp




Periodic native trim disabled

---------------  S Y S T E M  ---------------

OS:
 Windows 11 , 64 bit Build 22621 (10.0.22621.5415)
OS uptime: 0 days 2:00 hours

CPU: total 4 (initial active 4) (2 cores per cpu, 2 threads per core) family 6 model 61 stepping 4 microcode 0x2f, cx8, cmov, fxsr, ht, mmx, 3dnowpref, sse, sse2, sse3, ssse3, sse4.1, sse4.2, popcnt, lzcnt, tsc, tscinvbit, avx, avx2, aes, erms, clmul, bmi1, bmi2, adx, fma, vzeroupper, clflush, rdtscp, f16c
Processor Information for all 4 processors :
  Max Mhz: 2201, Current Mhz: 2201, Mhz Limit: 2201

Memory: 4k page, system-wide physical 8099M (357M free)
TotalPageFile size 11917M (AvailPageFile size 24M)
current process WorkingSet (physical memory assigned to process): 2032M, peak: 2034M
current process commit charge ("private bytes"): 2153M, peak: 2155M

vm_info: Java HotSpot(TM) 64-Bit Server VM (21.0.10+8-LTS-217) for windows-amd64 JRE (21.0.10+8-LTS-217), built on 2025-12-18T14:59:28Z by "mach5run" with MS VC++ 17.13 (VS2022)

END.
